sale_id,sale_date,customer_id,store_id,product_id,quantity
1,2023-08-20,176,3,13,2
2,2024-04-28,201,1,45,1
3,2023-03-23,110,4,99,5
4,2023-08-03,266,5,39,2
5,2024-06-08,275,1,80,1
6,2024-04-12,134,5,16,2
7,2024-07-30,159,1,60,5
8,2023-12-05,32,3,93,4
9,2024-06-27,287,5,3,4
10,2023-11-02,110,1,32,1
11,2024-05-06,176,5,13,3
12,2023-09-21,7,2,79,5
13,2024-01-29,120,5,5,1
14,2024-02-09,255,1,92,4
15,2023-12-28,169,1,22,2
16,2023-07-30,11,5,76,1
17,2023-08-01,231,4,58,2
18,2023-05-29,105,3,96,3
19,2024-06-02,123,1,69,2
20,2023-08-29,108,1,41,2
21,2023-02-22,282,3,97,2
22,2023-03-28,67,5,31,3
23,2024-06-07,59,4,9,3
24,2023-12-27,103,4,70,1
25,2023-03-11,204,3,37,2
26,2023-06-16,40,2,89,1
27,2024-05-29,122,1,21,4
28,2024-02-13,142,3,6,3
29,2023-10-20,251,4,17,5
30,2024-04-04,145,1,20,4
31,2023-03-10,16,3,38,2
32,2023-01-05,276,1,79,3
33,2023-08-02,71,3,56,3
34,2023-02-15,2,4,33,2
35,2023-01-30,50,5,10,3
36,2023-10-04,42,1,45,1
37,2024-04-02,296,1,86,4
38,2023-12-12,294,4,20,4
39,2024-02-14,232,1,94,2
40,2023-11-06,203,2,2,3
41,2024-02-01,119,1,5,5
42,2024-01-07,272,3,81,1
43,2024-03-02,281,2,46,4
44,2024-06-25,295,3,10,4
45,2024-04-13,261,1,10,3
46,2024-02-16,246,5,80,1
47,2023-09-01,152,1,39,3
48,2023-05-06,235,3,77,1
49,2024-02-20,132,1,18,3
50,2023-06-13,209,3,2,1
51,2024-08-08,63,3,59,4
52,2023-05-22,164,1,76,3
53,2024-03-16,208,2,6,5
54,2024-05-07,294,5,23,2
55,2024-04-11,158,2,72,4
56,2023-11-21,230,3,85,4
57,2024-03-01,110,5,39,3
58,2023-03-27,56,4,24,2
59,2024-01-15,61,3,49,5
60,2023-05-04,235,2,34,5
61,2023-12-16,154,1,15,4
62,2024-03-11,40,2,98,3
63,2024-07-06,68,1,94,1
64,2023-07-05,82,2,63,2
65,2023-06-10,300,2,56,2
66,2023-06-04,244,5,86,2
67,2023-06-13,169,2,37,5
68,2024-08-21,157,2,90,4
69,2023-08-10,273,4,24,1
70,2023-11-01,102,2,38,2
71,2023-11-05,110,2,44,2
72,2023-12-04,200,1,53,1
73,2024-07-16,276,2,65,4
74,2023-12-04,270,3,60,2
75,2024-02-01,280,5,72,2
76,2023-07-26,83,4,5,3
77,2023-08-31,143,5,47,1
78,2024-06-11,54,2,85,4
79,2023-06-19,285,3,63,4
80,2023-07-24,281,2,79,4
81,2023-09-02,3,2,64,4
82,2023-08-07,109,3,43,5
83,2023-01-12,192,3,81,4
84,2024-03-31,230,1,52,3
85,2024-02-20,218,4,54,1
86,2023-06-15,110,5,9,4
87,2023-01-28,191,3,17,4
88,2023-02-04,72,4,35,4
89,2023-05-06,187,5,79,5
90,2024-01-15,9,4,82,1
91,2023-02-12,91,1,4,1
92,2024-02-22,82,3,17,5
93,2024-06-05,26,3,100,2
94,2023-08-15,217,3,68,5
95,2024-07-26,70,5,80,3
96,2023-11-26,181,4,57,1
97,2023-01-16,54,4,37,2
98,2024-05-22,179,1,80,3
99,2023-03-23,205,3,14,3
100,2023-05-26,52,5,4,1
101,2024-05-26,79,1,28,4
102,2023-07-21,4,5,66,1
103,2024-08-21,235,5,1,5
104,2023-05-03,76,4,26,4
105,2023-09-24,187,5,75,5
106,2023-07-11,128,5,62,5
107,2024-02-20,285,4,26,4
108,2024-06-14,267,1,40,3
109,2023-12-29,2,2,3,4
110,2023-05-28,58,3,63,2
111,2023-09-12,7,2,98,2
112,2024-05-05,21,3,66,1
113,2024-07-24,220,4,9,3
114,2024-03-07,127,3,78,2
115,2023-12-25,46,4,63,5
116,2023-04-09,106,3,46,4
117,2023-12-13,175,2,90,3
118,2023-02-20,94,5,45,4
119,2024-04-04,210,4,17,4
120,2023-04-23,20,1,5,2
121,2023-08-28,280,1,96,3
122,2023-08-18,28,3,46,1
123,2024-02-10,255,5,52,2
124,2023-06-01,208,3,2,1
125,2023-11-04,35,5,65,2
126,2024-05-01,81,5,95,5
127,2023-10-05,246,4,66,5
128,2023-08-16,21,1,32,2
129,2024-04-25,84,1,7,3
130,2024-07-30,212,3,83,5
131,2023-08-14,59,4,69,1
132,2023-05-01,203,1,15,5
133,2023-01-31,212,4,72,5
134,2023-06-15,214,2,15,3
135,2023-08-16,11,3,76,1
136,2023-02-24,136,5,46,2
137,2024-05-03,291,4,90,2
138,2024-02-29,153,2,67,4
139,2023-04-27,97,3,17,4
140,2023-09-11,249,1,56,2
141,2024-02-03,268,1,25,2
142,2024-07-23,37,4,29,1
143,2023-11-15,261,2,56,5
144,2023-01-03,200,5,99,4
145,2024-07-29,77,4,48,3
146,2024-04-21,223,2,10,2
147,2024-04-07,167,5,57,1
148,2023-07-10,6,4,71,3
149,2023-07-08,211,3,68,2
150,2024-06-05,263,4,96,4
151,2024-02-08,42,3,6,3
152,2024-03-13,223,3,65,1
153,2023-12-31,24,3,13,2
154,2023-11-25,167,4,41,4
155,2023-12-04,209,2,68,2
156,2023-04-12,166,4,97,4
157,2024-04-06,219,3,97,2
158,2024-01-08,61,3,91,1
159,2024-06-30,228,4,56,3
160,2023-01-11,122,1,85,2
161,2023-05-25,263,2,73,1
162,2024-01-01,142,5,88,3
163,2023-03-15,149,1,54,3
164,2024-07-24,81,1,68,1
165,2024-05-27,289,5,20,1
166,2023-08-04,146,3,17,2
167,2023-03-09,217,4,39,5
168,2023-08-22,16,1,19,3
169,2023-01-24,9,4,88,2
170,2024-01-28,261,1,20,4
171,2024-02-10,181,5,50,4
172,2023-02-24,257,4,5,4
173,2024-03-10,210,5,4,5
174,2023-02-19,107,5,83,5
175,2023-11-02,193,3,13,1
176,2023-12-29,33,1,90,2
177,2023-12-02,235,2,89,2
178,2024-02-22,269,1,34,5
179,2023-08-31,88,3,92,3
180,2024-03-24,131,4,53,4
181,2023-12-15,106,1,28,3
182,2024-07-01,199,3,47,5
183,2024-02-17,206,5,44,4
184,2023-01-08,299,5,100,4
185,2024-04-09,152,1,23,3
186,2023-04-02,251,2,29,1
187,2023-09-25,40,3,24,4
188,2024-03-12,13,2,9,3
189,2024-08-09,155,2,84,4
190,2023-02-11,101,2,86,2
191,2023-08-26,291,1,13,1
192,2024-05-25,223,3,97,2
193,2024-01-06,219,2,61,3
194,2023-12-31,219,2,69,5
195,2024-01-21,296,1,18,5
196,2023-02-08,155,5,43,1
197,2023-12-24,119,1,68,2
198,2024-03-21,160,1,18,1
199,2023-03-10,70,3,23,1
200,2023-08-04,217,2,35,3
201,2023-06-05,81,2,12,5
202,2023-10-28,104,1,66,4
203,2023-12-17,104,5,61,4
204,2023-02-22,188,4,28,5
205,2023-02-17,21,3,95,3
206,2023-05-15,190,1,91,3
207,2023-07-20,252,5,39,4
208,2024-02-02,196,5,97,3
209,2023-08-13,255,5,51,3
210,2023-06-03,257,1,84,4
211,2024-03-24,100,1,69,5
212,2023-11-11,92,1,8,2
213,2023-10-16,28,4,68,2
214,2023-11-20,99,1,62,5
215,2023-06-28,207,4,50,3
216,2023-02-11,94,2,78,3
217,2023-03-02,152,5,95,3
218,2024-03-07,162,1,58,4
219,2024-03-21,221,5,7,5
220,2024-07-22,119,5,17,4
221,2023-06-04,201,4,39,1
222,2024-07-14,147,1,52,5
223,2024-01-21,138,2,94,4
224,2023-12-12,278,4,79,4
225,2024-01-18,184,2,54,2
226,2023-11-17,55,2,97,4
227,2024-06-04,54,5,39,4
228,2024-01-24,275,4,18,5
229,2024-06-12,127,4,77,1
230,2024-01-18,204,4,49,1
231,2024-04-10,238,5,64,1
232,2023-02-09,42,2,80,4
233,2024-08-15,59,2,13,2
234,2024-03-02,287,4,85,3
235,2023-10-23,260,5,20,3
236,2024-05-27,77,1,26,5
237,2023-09-14,243,3,69,4
238,2023-04-07,162,3,52,5
239,2023-11-22,23,2,91,3
240,2023-03-14,269,3,87,5
241,2024-02-16,1,4,39,2
242,2024-03-01,30,3,40,3
243,2023-08-02,284,4,36,3
244,2023-06-24,51,5,72,3
245,2023-07-05,2,1,49,1
246,2024-06-28,277,2,36,1
247,2024-01-23,166,3,63,1
248,2024-01-05,252,5,97,2
249,2024-04-24,180,2,55,5
250,2023-09-28,269,5,57,1
251,2023-08-26,117,1,25,5
252,2023-04-21,221,2,94,2
253,2024-03-14,139,4,56,2
254,2023-02-18,169,2,97,3
255,2024-03-17,41,2,38,2
256,2024-03-05,10,2,22,3
257,2024-06-16,30,5,29,1
258,2024-02-13,204,4,73,5
259,2024-08-16,291,1,62,4
260,2023-05-01,115,4,92,1
261,2024-07-23,148,3,81,1
262,2023-02-19,85,2,15,1
263,2023-08-13,238,1,80,2
264,2024-01-11,246,1,77,3
265,2023-04-04,66,4,87,4
266,2023-10-04,54,2,12,3
267,2024-07-21,217,2,82,4
268,2024-06-26,188,5,24,1
269,2023-02-20,55,4,83,5
270,2023-05-03,128,2,52,1
271,2023-10-21,134,2,85,3
272,2024-04-21,243,4,53,1
273,2024-05-13,176,1,4,5
274,2024-05-09,234,3,58,1
275,2023-08-29,116,3,6,5
276,2023-03-06,156,5,89,3
277,2024-01-15,153,2,21,2
278,2023-01-31,237,3,55,5
279,2023-12-31,127,2,73,1
280,2023-11-23,23,2,83,4
281,2023-12-04,43,5,84,1
282,2023-08-19,287,2,51,2
283,2024-05-02,128,1,12,2
284,2023-11-24,67,5,96,5
285,2024-06-17,262,2,68,4
286,2024-03-05,237,1,42,5
287,2024-05-14,268,3,54,4
288,2024-03-23,68,1,100,3
289,2023-07-08,130,4,67,3
290,2023-07-01,168,1,35,1
291,2023-07-13,191,3,81,5
292,2023-06-06,15,4,36,1
293,2023-03-02,298,1,64,2
294,2023-04-11,2,3,63,3
295,2024-05-22,207,5,35,4
296,2023-08-04,41,5,88,3
297,2024-04-25,26,5,52,2
298,2023-11-04,145,4,64,2
299,2023-10-14,83,3,76,3
300,2023-06-25,137,4,2,5
301,2023-10-20,175,2,84,3
302,2024-04-25,53,4,29,3
303,2023-06-06,125,4,86,4
304,2024-01-29,209,5,43,4
305,2024-04-28,28,4,60,3
306,2023-10-10,249,4,15,3
307,2023-07-31,154,1,93,4
308,2024-07-02,30,5,64,4
309,2024-02-20,225,3,59,3
310,2023-01-28,105,5,72,2
311,2023-08-17,237,1,66,4
312,2024-01-30,269,3,24,2
313,2023-10-15,65,2,44,1
314,2024-06-06,99,3,82,4
315,2023-12-21,99,1,37,4
316,2023-11-28,224,2,31,4
317,2023-09-27,289,4,4,5
318,2023-12-25,124,3,85,1
319,2024-06-22,275,2,88,4
320,2024-04-29,114,2,45,5
321,2023-07-25,161,5,2,2
322,2023-12-05,249,5,59,1
323,2023-05-16,236,3,61,1
324,2023-04-20,113,5,52,4
325,2023-06-19,283,4,95,5
326,2024-02-04,217,1,47,5
327,2023-07-03,231,1,13,3
328,2024-03-30,200,2,9,4
329,2023-11-21,89,3,31,5
330,2024-01-26,50,2,38,4
331,2023-01-06,130,3,59,1
332,2024-08-22,149,2,47,4
333,2024-04-20,285,1,87,2
334,2023-03-23,83,4,3,3
335,2023-09-02,3,1,15,1
336,2023-11-06,201,5,62,4
337,2024-02-23,159,4,63,2
338,2024-03-07,86,1,90,2
339,2024-08-02,246,3,59,1
340,2023-06-15,297,1,67,5
341,2023-03-05,91,4,46,4
342,2023-05-13,136,5,76,5
343,2023-03-11,197,2,25,3
344,2024-03-25,278,3,32,2
345,2024-04-26,85,1,14,2
346,2024-02-04,263,2,57,2
347,2023-05-16,39,5,37,5
348,2024-06-20,98,5,47,4
349,2024-07-21,193,4,90,5
350,2024-06-25,48,4,74,3
351,2024-03-13,296,3,94,2
352,2024-03-03,232,4,16,5
353,2024-04-05,56,2,63,3
354,2024-03-10,158,3,50,2
355,2023-03-05,48,1,89,4
356,2024-07-13,125,2,69,1
357,2024-05-26,199,1,38,4
358,2024-07-26,165,1,19,4
359,2023-10-02,195,3,3,4
360,2024-02-18,194,2,33,1
361,2023-04-21,40,2,67,4
362,2023-02-09,245,2,40,4
363,2023-08-20,168,4,51,2
364,2024-01-07,300,4,13,1
365,2023-01-23,250,1,79,5
366,2024-02-17,110,5,25,4
367,2023-01-17,113,4,36,4
368,2023-11-29,191,1,1,2
369,2024-02-10,128,2,1,2
370,2023-07-03,286,3,13,3
371,2023-03-24,198,4,100,3
372,2023-08-17,71,5,21,5
373,2023-04-24,164,5,54,1
374,2024-06-17,83,5,34,1
375,2023-07-03,219,4,92,3
376,2023-07-09,105,5,76,2
377,2023-03-24,193,5,34,5
378,2023-04-18,279,5,48,2
379,2023-01-04,203,4,57,1
380,2023-11-21,18,3,19,3
381,2024-02-21,225,2,32,1
382,2023-12-24,51,3,39,4
383,2023-07-27,208,4,93,2
384,2023-11-01,172,1,96,3
385,2024-07-26,36,4,45,2
386,2023-04-16,116,4,22,2
387,2023-10-16,202,1,93,5
388,2023-05-05,11,4,19,2
389,2024-02-20,33,4,12,2
390,2023-01-14,112,3,61,3
391,2024-04-29,159,4,2,5
392,2024-03-22,224,3,12,1
393,2023-11-12,190,2,81,3
394,2023-01-31,40,4,76,2
395,2023-12-22,278,5,41,4
396,2023-09-25,190,3,43,4
397,2023-12-28,81,1,23,3
398,2023-10-12,153,4,99,3
399,2023-11-16,226,4,42,3
400,2024-05-30,41,4,72,5
401,2024-05-20,198,3,63,4
402,2023-08-08,28,2,66,4
403,2023-05-04,14,2,3,2
404,2023-01-21,290,1,100,1
405,2023-10-21,203,2,63,4
406,2024-05-01,239,4,18,1
407,2023-09-23,188,3,76,4
408,2024-05-09,135,4,62,5
409,2023-08-22,178,3,49,5
410,2023-02-24,41,5,5,5
411,2024-01-03,77,1,92,3
412,2024-07-04,93,4,39,4
413,2023-08-07,254,2,51,2
414,2024-08-17,47,1,22,5
415,2024-01-17,222,1,57,5
416,2024-06-24,278,4,45,5
417,2023-04-12,28,2,100,3
418,2023-07-19,37,3,20,5
419,2023-01-01,78,1,28,2
420,2024-02-22,162,5,39,3
421,2024-02-04,75,3,55,3
422,2023-08-03,174,1,64,1
423,2023-10-29,24,1,9,2
424,2023-03-06,11,2,42,3
425,2024-07-15,96,4,73,1
426,2024-06-08,15,4,34,5
427,2024-01-10,17,4,64,5
428,2024-05-30,200,2,44,4
429,2024-02-26,182,5,70,3
430,2024-08-04,96,3,83,1
431,2023-01-12,257,4,25,1
432,2023-06-18,58,5,55,5
433,2024-03-10,291,4,86,1
434,2023-09-15,37,3,48,4
435,2024-05-02,256,3,95,2
436,2023-10-20,175,3,44,4
437,2023-03-15,207,3,95,4
438,2024-01-31,114,5,9,2
439,2024-01-16,35,1,63,3
440,2024-03-23,171,4,74,3
441,2023-02-14,24,4,37,3
442,2023-03-28,90,1,67,5
443,2023-01-29,251,1,54,1
444,2023-12-27,150,5,55,5
445,2024-01-07,276,1,86,1
446,2023-12-21,279,1,13,5
447,2024-07-17,163,2,79,2
448,2023-02-22,195,4,96,5
449,2023-11-23,165,3,39,1
450,2023-06-22,252,5,57,4
451,2023-06-25,60,5,30,1
452,2024-07-03,96,3,74,3
453,2023-05-07,96,5,66,3
454,2024-01-27,69,3,53,4
455,2024-01-03,176,4,98,1
456,2023-10-27,201,5,66,4
457,2023-10-07,216,2,53,1
458,2023-10-08,163,4,7,2
459,2024-05-19,244,1,43,3
460,2024-04-17,139,3,32,2
461,2024-01-26,214,2,36,2
462,2023-12-30,149,3,22,1
463,2024-07-13,40,4,44,5
464,2023-09-15,175,2,62,2
465,2024-03-15,43,2,70,5
466,2023-12-18,269,3,88,4
467,2023-01-16,145,2,69,3
468,2024-06-19,132,3,75,5
469,2024-02-19,14,3,1,3
470,2023-05-13,41,4,83,4
471,2024-01-11,250,3,4,1
472,2023-02-06,203,3,53,5
473,2023-03-18,65,5,23,5
474,2024-01-18,130,1,96,3
475,2023-03-13,251,3,25,1
476,2023-05-31,151,3,85,2
477,2024-03-03,160,2,77,2
478,2023-02-23,146,4,32,3
479,2023-06-19,3,3,29,2
480,2023-06-27,204,1,41,3
481,2023-01-07,153,4,50,1
482,2023-11-06,40,3,30,1
483,2023-06-22,121,3,57,1
484,2024-02-22,47,5,29,4
485,2023-01-03,84,1,6,5
486,2023-02-28,104,3,74,5
487,2023-10-06,140,5,33,3
488,2023-03-31,283,1,50,1
489,2024-02-29,274,1,71,5
490,2023-12-31,54,2,17,3
491,2024-08-08,4,3,81,5
492,2023-11-07,19,1,4,5
493,2023-12-05,257,4,55,4
494,2024-07-09,269,5,76,4
495,2024-07-23,11,1,63,2
496,2023-04-14,7,4,2,2
497,2023-03-04,115,3,55,2
498,2023-10-24,179,3,99,1
499,2024-04-14,24,4,26,4
500,2024-06-08,51,2,53,1
501,2023-01-20,141,3,100,2
502,2024-07-31,137,5,31,3
503,2024-06-14,267,4,97,1
504,2024-01-23,140,1,51,5
505,2023-05-29,218,4,20,1
506,2023-11-11,296,4,10,4
507,2023-11-08,260,4,43,3
508,2023-06-25,12,2,44,4
509,2023-05-04,168,3,61,4
510,2023-07-15,264,1,2,4
511,2024-05-25,177,2,12,1
512,2023-06-09,271,1,31,4
513,2024-04-27,119,4,7,3
514,2023-06-19,270,2,76,3
515,2023-02-26,188,4,86,1
516,2023-12-12,191,3,54,4
517,2023-05-21,217,4,44,3
518,2023-11-19,192,2,17,5
519,2023-07-14,102,1,15,1
520,2023-09-26,138,3,84,2
521,2024-05-06,129,3,98,3
522,2023-10-25,275,4,53,1
523,2023-02-14,39,2,97,5
524,2023-03-29,38,2,52,3
525,2024-01-23,235,1,82,3
526,2023-05-03,82,1,91,2
527,2024-06-15,97,5,94,2
528,2023-12-03,192,3,9,4
529,2023-11-20,269,2,58,5
530,2023-10-15,39,5,8,2
531,2024-01-20,138,1,14,1
532,2023-04-25,25,3,24,1
533,2024-01-08,236,3,2,3
534,2023-04-05,120,3,3,1
535,2024-05-03,183,3,40,3
536,2024-01-20,47,4,40,4
537,2023-12-13,32,5,30,5
538,2024-07-30,179,1,71,2
539,2023-11-28,2,2,62,2
540,2023-10-30,291,3,50,1
541,2023-12-08,253,1,65,2
542,2023-12-15,263,5,56,5
543,2023-01-09,38,3,79,1
544,2024-03-06,237,5,77,1
545,2024-06-25,112,1,36,4
546,2024-02-02,263,3,51,5
547,2023-05-08,178,3,80,5
548,2023-05-11,221,2,9,4
549,2023-01-04,238,1,65,2
550,2023-05-01,214,4,8,4
551,2024-03-05,61,5,87,5
552,2023-11-14,88,1,54,4
553,2024-07-31,163,4,62,1
554,2024-06-14,250,4,42,2
555,2023-07-19,221,4,16,2
556,2024-01-26,35,5,78,4
557,2024-01-21,161,2,93,4
558,2023-07-05,159,5,98,3
559,2023-12-03,167,1,16,2
560,2023-11-23,53,5,22,1
561,2023-02-21,116,4,47,4
562,2024-01-23,253,2,34,1
563,2023-10-10,107,5,99,3
564,2023-04-24,66,2,23,3
565,2023-11-16,290,5,13,4
566,2023-07-01,176,3,61,4
567,2024-06-01,69,4,59,2
568,2023-09-07,220,5,98,4
569,2023-02-19,108,5,62,4
570,2023-06-09,156,4,64,4
571,2024-01-30,183,5,78,1
572,2023-10-26,248,2,44,4
573,2023-12-28,25,1,39,4
574,2023-01-30,237,5,48,1
575,2024-05-05,32,3,68,5
576,2023-07-15,109,5,2,4
577,2024-02-26,215,1,34,5
578,2023-12-08,98,5,63,1
579,2024-04-16,59,3,29,4
580,2024-02-28,203,3,87,4
581,2023-04-02,158,5,43,2
582,2024-01-01,117,4,2,2
583,2023-04-18,224,5,58,2
584,2023-03-27,60,1,76,5
585,2023-05-18,196,3,43,4
586,2024-03-24,294,2,23,3
587,2024-02-11,133,3,45,4
588,2023-04-25,292,5,86,1
589,2023-10-13,181,2,67,1
590,2023-08-13,259,1,49,1
591,2024-04-03,206,1,59,4
592,2023-05-17,61,5,89,2
593,2023-12-21,184,5,69,2
594,2024-02-09,39,5,96,3
595,2023-11-20,297,5,1,1
596,2024-04-04,102,2,70,5
597,2024-02-05,62,1,45,2
598,2023-06-16,91,5,74,2
599,2023-11-17,300,2,85,3
600,2024-06-11,218,5,4,3
601,2023-02-02,290,5,22,4
602,2023-03-07,142,1,62,5
603,2023-08-11,46,5,83,2
604,2023-10-01,146,3,66,4
605,2024-03-27,25,2,51,5
606,2024-06-12,249,1,63,2
607,2023-09-21,283,5,75,2
608,2023-07-13,94,5,87,1
609,2024-05-26,59,5,49,5
610,2024-02-16,289,2,69,5
611,2023-07-09,215,1,94,4
612,2024-05-24,75,4,44,5
613,2024-03-25,11,1,31,1
614,2023-12-14,43,4,85,5
615,2024-08-12,159,2,69,1
616,2023-04-10,252,3,66,4
617,2023-02-04,160,2,41,1
618,2024-03-21,207,4,71,2
619,2023-05-30,239,2,46,2
620,2023-05-11,164,5,22,4
621,2023-02-09,198,3,22,5
622,2023-01-20,173,4,100,5
623,2023-03-25,135,4,98,4
624,2024-06-14,206,1,3,5
625,2024-06-14,247,4,86,3
626,2023-01-18,29,2,39,4
627,2023-12-11,3,4,15,1
628,2023-08-21,181,5,5,2
629,2023-05-14,205,5,7,1
630,2023-12-11,228,4,54,2
631,2023-01-29,14,3,86,4
632,2023-04-22,227,2,62,2
633,2024-07-23,24,3,65,4
634,2023-02-20,112,4,44,2
635,2024-05-15,21,3,31,2
636,2023-01-28,258,4,86,1
637,2023-12-31,254,4,87,4
638,2023-11-17,137,5,33,5
639,2023-02-07,63,4,14,4
640,2023-03-21,251,3,81,2
641,2024-03-27,68,4,93,3
642,2024-08-03,34,3,59,5
643,2023-06-15,298,3,64,1
644,2024-06-25,236,2,57,4
645,2023-06-19,25,5,11,2
646,2023-05-01,15,1,75,5
647,2024-02-29,58,3,71,4
648,2023-02-10,122,1,24,3
649,2023-07-25,276,1,77,4
650,2023-08-09,280,1,78,4
651,2024-04-15,76,3,40,5
652,2024-02-07,219,1,63,3
653,2023-11-13,228,1,69,1
654,2024-02-05,180,1,30,4
655,2023-07-10,241,4,53,3
656,2024-03-21,131,1,68,5
657,2024-01-23,248,1,22,2
658,2023-03-14,52,5,8,5
659,2023-09-30,296,3,49,4
660,2023-07-12,246,2,58,2
661,2023-03-28,73,3,5,4
662,2024-07-26,215,1,29,5
663,2024-03-04,50,3,68,2
664,2023-09-18,167,2,63,3
665,2024-02-12,27,4,30,1
666,2023-02-20,227,5,49,4
667,2023-09-13,226,5,16,3
668,2024-05-16,193,1,83,1
669,2023-10-29,107,4,10,3
670,2023-06-08,16,4,56,1
671,2024-08-23,182,4,39,3
672,2023-06-04,82,1,33,1
673,2023-08-09,183,3,35,5
674,2024-02-03,60,2,58,1
675,2023-10-29,263,5,11,1
676,2023-08-12,161,1,61,2
677,2023-09-09,271,4,18,2
678,2023-01-07,184,1,21,1
679,2024-05-24,136,4,16,3
680,2023-04-04,229,1,62,2
681,2023-01-15,122,5,55,3
682,2024-05-31,38,2,17,2
683,2023-01-25,54,5,25,3
684,2023-11-08,208,3,80,2
685,2024-05-16,216,2,8,1
686,2023-10-30,86,4,71,4
687,2024-06-06,175,5,22,3
688,2023-01-27,178,2,74,3
689,2023-03-12,57,1,25,2
690,2023-04-12,134,1,32,5
691,2024-02-09,251,5,96,4
692,2023-11-19,35,1,15,4
693,2023-01-23,121,2,53,4
694,2024-01-11,287,4,59,5
695,2024-04-06,65,3,51,1
696,2023-09-02,187,4,49,5
697,2023-08-08,115,5,71,3
698,2023-07-01,51,4,27,5
699,2023-08-18,13,3,3,5
700,2024-07-17,223,3,13,3
701,2023-03-24,240,2,56,2
702,2024-01-27,73,3,58,2
703,2024-06-04,89,5,32,4
704,2023-10-07,286,3,87,2
705,2024-04-02,50,5,27,3
706,2023-03-18,150,5,61,2
707,2024-04-12,234,3,100,1
708,2023-06-19,58,1,82,1
709,2024-05-27,169,4,86,4
710,2023-08-14,167,5,20,2
711,2023-11-12,119,5,57,3
712,2023-02-09,251,3,50,1
713,2024-06-09,276,2,56,3
714,2024-01-31,151,5,7,3
715,2023-05-05,91,3,52,2
716,2023-01-09,182,1,44,5
717,2023-03-06,25,3,25,2
718,2023-11-11,252,4,20,3
719,2023-06-19,57,2,70,3
720,2024-07-26,106,5,91,1
721,2023-04-03,211,5,94,4
722,2023-09-30,173,3,16,2
723,2023-06-28,173,5,100,5
724,2024-06-12,119,5,85,5
725,2023-11-18,144,4,35,4
726,2023-02-26,149,4,97,3
727,2023-11-28,42,1,66,5
728,2023-03-08,247,3,74,4
729,2024-08-14,196,5,39,4
730,2023-12-16,189,2,50,3
731,2024-07-19,64,1,49,4
732,2024-08-14,137,3,94,4
733,2024-05-30,26,5,8,4
734,2023-04-11,6,2,75,5
735,2023-03-24,258,4,100,1
736,2024-03-12,255,2,100,5
737,2024-04-11,94,2,65,3
738,2024-03-19,199,2,68,1
739,2023-07-15,174,5,44,2
740,2024-04-14,141,4,67,5
741,2023-04-18,189,1,73,5
742,2024-05-07,121,4,83,2
743,2024-02-04,273,2,5,1
744,2023-07-25,30,2,25,4
745,2024-07-15,170,2,51,3
746,2024-07-06,179,2,10,5
747,2023-09-10,91,2,77,1
748,2023-12-09,58,4,84,2
749,2024-02-06,205,3,37,1
750,2024-02-08,184,3,78,2
751,2024-03-11,120,3,53,2
752,2023-07-27,66,2,80,2
753,2023-08-16,296,5,57,5
754,2023-03-17,279,2,4,3
755,2024-07-16,134,1,27,1
756,2024-01-03,124,4,92,3
757,2023-01-14,157,2,51,1
758,2023-10-02,41,3,44,5
759,2023-04-06,293,1,77,4
760,2024-07-16,119,2,96,2
761,2023-11-28,114,3,30,1
762,2024-04-10,24,5,71,4
763,2024-07-13,96,4,70,3
764,2023-12-13,260,4,75,3
765,2024-03-01,252,3,6,4
766,2024-03-20,20,2,95,1
767,2024-06-11,208,5,49,2
768,2023-05-06,142,1,35,4
769,2024-07-01,283,5,81,1
770,2023-03-07,129,3,50,1
771,2023-05-12,5,2,29,5
772,2023-07-16,264,3,61,5
773,2023-01-02,6,5,67,1
774,2024-07-07,278,2,84,4
775,2024-05-23,65,4,61,3
776,2024-04-24,135,2,16,4
777,2023-11-15,232,2,48,2
778,2023-06-24,245,2,92,1
779,2024-08-18,200,4,22,3
780,2023-06-21,136,2,74,4
781,2023-08-03,99,4,98,2
782,2023-07-22,175,2,77,2
783,2024-05-03,151,5,18,4
784,2023-01-02,133,5,65,2
785,2023-02-05,136,4,11,2
786,2023-12-02,84,5,8,1
787,2023-08-03,225,4,70,4
788,2024-08-15,198,5,6,1
789,2024-01-09,188,2,73,5
790,2023-06-14,73,3,55,2
791,2024-01-12,113,3,86,2
792,2023-08-20,299,5,27,5
793,2024-03-30,191,3,33,2
794,2023-12-04,179,1,78,1
795,2023-06-03,281,1,52,2
796,2023-12-21,197,4,56,5
797,2023-04-14,154,4,81,4
798,2023-08-02,288,3,9,2
799,2024-01-24,277,5,73,2
800,2024-01-11,93,5,43,4
801,2023-12-31,220,4,23,5
802,2024-05-10,154,4,63,3
803,2023-04-24,28,4,58,2
804,2024-04-11,113,4,1,1
805,2024-03-19,280,2,29,1
806,2024-08-22,165,3,30,1
807,2023-03-21,61,5,21,1
808,2024-04-20,26,3,84,5
809,2023-01-13,34,3,57,4
810,2023-03-27,117,4,6,4
811,2023-11-20,51,1,67,3
812,2023-05-31,244,3,7,1
813,2024-03-06,32,1,11,2
814,2024-01-03,111,3,48,2
815,2023-09-26,48,4,34,1
816,2024-02-21,38,2,39,4
817,2024-01-08,41,3,92,5
818,2024-01-14,126,5,88,5
819,2023-04-10,46,1,81,3
820,2024-06-28,214,3,65,4
821,2023-04-26,157,4,82,2
822,2023-08-19,115,3,25,1
823,2023-05-18,20,1,92,3
824,2024-08-17,234,4,96,5
825,2023-09-23,265,4,59,5
826,2024-04-13,234,5,16,4
827,2023-09-16,291,2,23,3
828,2023-05-15,260,3,78,2
829,2023-12-29,3,3,62,5
830,2023-12-14,33,5,66,3
831,2023-11-12,28,5,87,4
832,2023-06-16,232,2,99,2
833,2024-06-12,78,2,71,2
834,2023-12-11,153,3,2,5
835,2023-03-31,151,2,42,2
836,2023-02-08,52,3,93,1
837,2023-02-01,285,1,53,4
838,2024-07-29,278,5,90,4
839,2023-05-03,34,3,71,4
840,2023-09-03,193,3,32,4
841,2023-02-02,36,3,44,2
842,2023-05-02,133,1,27,5
843,2023-11-16,74,5,51,5
844,2023-01-17,137,4,16,5
845,2023-02-13,90,3,80,3
846,2023-10-14,156,2,64,1
847,2023-05-25,44,1,24,2
848,2024-02-05,66,5,70,2
849,2024-02-25,119,4,20,2
850,2023-06-29,81,5,99,5
851,2023-06-13,165,4,29,2
852,2024-05-31,261,2,60,2
853,2023-12-16,294,2,98,2
854,2023-11-21,105,2,38,4
855,2023-09-01,119,2,65,4
856,2023-03-10,13,5,69,4
857,2023-05-11,88,5,64,1
858,2024-04-08,253,4,69,2
859,2023-06-05,234,4,46,1
860,2024-04-10,163,5,54,2
861,2023-04-17,216,3,14,1
862,2024-01-19,87,3,96,5
863,2024-02-02,164,3,93,1
864,2023-09-28,283,4,34,3
865,2024-04-05,291,3,30,2
866,2023-01-22,147,4,96,3
867,2024-03-20,12,2,89,5
868,2024-04-07,228,3,56,3
869,2024-04-09,103,5,48,5
870,2023-11-11,294,1,28,1
871,2023-07-27,159,4,3,4
872,2023-07-11,38,2,46,1
873,2024-03-02,246,3,75,3
874,2023-12-05,234,5,2,1
875,2023-03-16,50,1,71,2
876,2023-02-19,114,5,64,1
877,2023-03-31,12,1,33,3
878,2023-01-25,251,2,85,4
879,2024-05-15,157,3,19,5
880,2023-02-20,272,3,49,1
881,2023-05-22,163,2,88,5
882,2024-03-01,260,5,25,4
883,2024-05-22,150,4,98,1
884,2023-07-01,23,5,84,2
885,2023-12-08,91,4,44,2
886,2023-07-31,85,1,20,4
887,2024-07-22,51,5,71,5
888,2023-04-07,160,3,3,4
889,2023-12-20,173,3,29,4
890,2023-11-07,124,2,78,3
891,2024-08-12,299,5,87,1
892,2023-12-30,214,5,54,4
893,2023-02-22,192,4,39,4
894,2024-01-17,25,5,91,5
895,2024-01-19,167,3,27,1
896,2024-07-14,2,5,16,4
897,2023-03-23,206,5,4,3
898,2023-05-17,121,1,64,5
899,2024-02-17,41,5,69,3
900,2024-01-20,292,3,35,2
901,2023-06-06,5,2,9,2
902,2024-07-16,80,3,20,4
903,2024-02-26,30,3,56,1
904,2023-12-05,278,4,41,5
905,2023-10-24,84,5,16,3
906,2023-11-24,53,1,52,1
907,2023-11-04,219,5,19,3
908,2024-02-22,3,4,95,4
909,2023-07-04,95,3,100,2
910,2024-07-04,105,2,11,3
911,2023-12-13,14,3,32,4
912,2023-11-25,171,2,44,3
913,2024-06-15,226,5,14,5
914,2023-03-23,61,1,10,3
915,2023-10-21,261,3,10,3
916,2023-11-16,197,1,29,5
917,2023-04-17,221,2,37,4
918,2023-12-04,110,2,99,5
919,2023-03-15,137,1,6,3
920,2024-04-23,155,2,82,2
921,2023-04-22,105,1,38,3
922,2023-08-21,16,5,70,4
923,2023-08-12,218,5,73,1
924,2024-03-11,270,4,86,1
925,2024-01-12,133,4,78,4
926,2024-02-17,114,2,25,2
927,2023-09-18,189,4,79,2
928,2023-12-01,161,5,100,1
929,2023-10-13,162,5,18,4
930,2024-05-15,40,5,64,4
931,2024-02-12,48,3,45,1
932,2024-02-03,189,3,64,3
933,2023-08-04,212,2,88,4
934,2023-07-15,61,2,27,4
935,2023-06-02,172,1,44,1
936,2023-05-24,77,4,37,3
937,2023-10-28,12,2,20,5
938,2024-01-19,299,4,72,5
939,2024-01-04,151,3,27,3
940,2023-01-08,196,5,13,1
941,2023-10-31,156,1,59,5
942,2024-07-11,151,4,7,5
943,2024-08-12,166,5,57,5
944,2024-08-08,10,3,35,4
945,2024-03-28,213,2,80,5
946,2023-03-18,31,2,24,4
947,2023-07-18,62,5,98,4
948,2024-06-07,186,1,10,5
949,2023-07-26,192,4,10,2
950,2023-09-19,269,2,54,5
951,2024-02-10,37,3,23,5
952,2023-10-06,38,2,85,1
953,2023-05-13,286,5,42,5
954,2024-08-21,33,2,2,3
955,2024-06-07,1,2,47,3
956,2024-04-03,88,2,71,1
957,2023-01-04,239,2,85,5
958,2023-07-22,290,5,42,2
959,2023-11-01,254,4,63,5
960,2023-11-19,135,1,99,3
961,2023-03-28,123,3,7,2
962,2023-09-07,136,3,66,3
963,2023-07-10,107,2,99,4
964,2024-01-28,227,3,94,4
965,2023-06-14,247,2,72,2
966,2024-07-01,196,2,94,1
967,2023-06-09,122,1,22,2
968,2024-04-03,125,2,15,4
969,2023-07-12,292,1,27,1
970,2023-10-11,15,1,20,4
971,2024-04-06,131,5,78,4
972,2023-11-21,266,4,84,2
973,2024-02-23,11,5,32,3
974,2024-04-07,34,4,72,3
975,2023-03-10,59,2,22,4
976,2023-10-20,241,2,81,3
977,2024-03-17,111,2,14,3
978,2023-11-06,30,4,16,2
979,2024-07-04,39,1,38,2
980,2024-07-29,42,1,62,5
981,2023-02-15,136,1,93,4
982,2023-01-05,137,2,4,2
983,2024-08-03,250,4,7,3
984,2023-01-31,95,5,72,2
985,2023-11-13,285,4,96,4
986,2024-06-11,85,1,12,2
987,2023-12-17,207,4,81,2
988,2023-09-07,8,1,52,4
989,2024-06-30,107,2,65,1
990,2023-06-21,182,4,64,2
991,2024-03-29,70,5,1,5
992,2024-06-15,264,4,38,4
993,2024-07-27,195,4,48,1
994,2023-03-07,134,4,35,2
995,2023-03-04,231,5,89,2
996,2023-05-20,61,5,82,1
997,2024-04-03,20,4,2,3
998,2024-07-09,140,2,17,5
999,2023-10-13,292,5,94,2
1000,2023-07-28,53,1,31,3
1001,2023-11-18,100,1,46,2
1002,2023-06-27,84,1,96,5
1003,2023-09-02,3,3,79,1
1004,2023-03-28,167,1,49,2
1005,2023-03-19,233,4,92,4
1006,2024-07-04,232,3,62,4
1007,2023-06-23,163,2,95,2
1008,2023-12-19,179,3,4,2
1009,2023-06-27,246,4,74,1
1010,2023-04-15,66,4,44,4
1011,2023-08-11,163,2,63,3
1012,2023-07-11,12,3,46,2
1013,2023-06-30,56,2,32,5
1014,2024-05-31,190,4,49,3
1015,2023-02-02,289,3,32,4
1016,2024-04-13,155,2,29,4
1017,2024-05-04,3,5,74,4
1018,2023-09-24,17,4,85,2
1019,2023-10-06,17,2,32,5
1020,2023-06-16,258,3,22,3
1021,2023-06-11,2,4,48,3
1022,2024-07-23,274,2,18,3
1023,2023-08-07,43,3,98,5
1024,2023-09-17,177,5,52,1
1025,2023-09-17,226,3,7,4
1026,2024-07-25,86,5,16,1
1027,2023-12-18,80,1,83,3
1028,2024-06-27,210,4,17,2
1029,2023-09-19,196,4,73,1
1030,2024-07-06,164,4,55,5
1031,2023-04-20,54,4,79,1
1032,2023-07-30,300,2,25,3
1033,2023-10-08,240,1,41,3
1034,2024-02-04,260,3,73,3
1035,2023-08-09,69,2,82,5
1036,2023-09-27,202,5,48,1
1037,2023-03-29,266,1,75,3
1038,2024-04-28,43,2,55,5
1039,2024-06-19,76,3,14,1
1040,2023-10-30,182,5,54,2
1041,2023-04-16,74,3,30,4
1042,2023-11-17,170,3,18,1
1043,2023-09-30,162,5,42,1
1044,2023-12-19,238,2,52,3
1045,2024-03-18,69,4,14,5
1046,2024-03-16,57,3,7,4
1047,2023-02-04,65,3,17,2
1048,2023-06-14,233,1,21,4
1049,2023-04-07,271,1,74,2
1050,2023-02-02,54,4,39,2
1051,2023-11-06,207,5,23,4
1052,2023-04-15,204,1,52,4
1053,2023-08-17,223,1,16,2
1054,2024-07-31,182,2,59,5
1055,2024-03-01,286,3,100,1
1056,2023-04-03,98,5,9,1
1057,2023-08-28,237,1,76,4
1058,2024-05-12,180,2,97,4
1059,2024-05-31,289,2,2,1
1060,2024-06-11,145,2,98,5
1061,2024-06-03,234,1,50,5
1062,2024-04-18,35,2,47,1
1063,2024-02-01,123,5,93,4
1064,2023-02-10,124,1,58,4
1065,2023-11-20,130,1,22,1
1066,2023-12-08,47,4,55,4
1067,2023-11-08,101,1,11,5
1068,2023-12-01,289,2,50,3
1069,2023-12-01,86,5,2,1
1070,2023-11-25,60,5,92,2
1071,2023-02-16,165,4,39,1
1072,2024-07-18,29,2,42,4
1073,2024-02-18,134,3,28,1
1074,2023-12-15,158,5,67,1
1075,2024-07-05,43,4,16,4
1076,2024-04-22,203,4,88,4
1077,2024-05-12,33,3,18,3
1078,2023-04-06,164,2,50,4
1079,2023-03-31,201,3,67,2
1080,2024-08-09,276,3,76,3
1081,2023-05-24,264,3,52,5
1082,2023-09-20,61,1,75,2
1083,2023-11-01,89,1,64,3
1084,2024-03-25,105,5,74,2
1085,2024-06-20,83,4,26,2
1086,2023-08-17,106,3,56,4
1087,2024-02-25,62,1,28,3
1088,2024-06-15,183,1,7,5
1089,2024-08-14,16,1,47,2
1090,2023-12-21,114,4,49,1
1091,2023-10-19,173,1,23,2
1092,2023-07-17,251,3,73,4
1093,2024-04-24,134,2,43,5
1094,2023-11-13,207,1,15,4
1095,2023-03-25,113,5,55,5
1096,2024-05-03,25,4,10,2
1097,2023-04-13,211,5,50,1
1098,2023-04-01,199,3,9,4
1099,2024-03-10,37,1,56,1
1100,2024-04-10,240,2,18,1
1101,2023-12-10,133,3,94,3
1102,2023-03-21,292,3,88,5
1103,2023-08-19,42,2,55,2
1104,2023-08-24,252,4,89,1
1105,2023-09-28,147,1,93,4
1106,2023-02-21,159,1,93,3
1107,2024-01-07,31,1,26,2
1108,2023-04-19,73,4,95,2
1109,2024-01-07,252,5,54,2
1110,2023-06-30,201,2,65,3
1111,2023-10-02,25,3,95,2
1112,2024-02-28,171,1,66,3
1113,2024-06-23,63,4,76,2
1114,2023-11-21,49,2,67,3
1115,2023-02-19,207,1,83,5
1116,2024-06-19,95,1,27,5
1117,2024-05-01,261,5,12,2
1118,2023-09-03,52,4,80,2
1119,2023-08-12,4,3,56,4
1120,2023-07-15,218,1,48,4
1121,2024-08-13,245,2,43,1
1122,2023-12-12,212,1,51,4
1123,2023-11-10,60,1,33,1
1124,2023-03-25,184,5,88,2
1125,2024-03-20,91,5,29,5
1126,2023-11-10,217,4,5,5
1127,2023-10-27,98,5,13,1
1128,2024-06-12,145,1,42,3
1129,2024-02-24,126,3,12,2
1130,2023-03-20,188,1,70,5
1131,2023-09-24,113,5,65,2
1132,2024-04-01,10,5,13,1
1133,2023-08-09,14,4,16,2
1134,2024-02-03,181,4,19,4
1135,2024-01-03,152,5,69,1
1136,2023-09-19,125,1,39,5
1137,2023-07-22,16,5,23,4
1138,2023-11-05,243,2,37,1
1139,2023-04-13,52,4,89,5
1140,2023-05-19,104,2,33,2
1141,2023-05-12,193,2,73,3
1142,2023-01-18,37,5,55,3
1143,2023-11-09,247,1,4,3
1144,2024-02-12,70,4,80,2
1145,2024-03-26,62,2,4,2
1146,2023-03-06,259,2,15,5
1147,2024-01-30,212,3,66,3
1148,2024-08-19,245,2,85,5
1149,2024-01-09,100,5,82,1
1150,2023-02-07,252,4,82,2
1151,2024-03-18,230,5,31,3
1152,2023-10-29,54,3,60,2
1153,2023-04-11,106,5,41,5
1154,2023-12-18,18,3,29,4
1155,2023-02-13,168,3,15,5
1156,2023-12-03,175,4,30,2
1157,2024-03-21,62,3,36,3
1158,2023-04-26,115,3,73,1
1159,2023-11-14,297,2,29,5
1160,2024-03-11,215,3,96,4
1161,2023-09-04,54,1,91,1
1162,2024-06-07,215,1,35,1
1163,2023-10-18,52,3,88,1
1164,2023-09-28,274,5,10,4
1165,2024-03-07,84,3,85,4
1166,2023-08-30,105,5,97,1
1167,2023-12-08,294,2,33,1
1168,2024-03-20,93,1,7,5
1169,2023-06-20,113,3,4,5
1170,2024-03-18,147,5,54,5
1171,2023-06-24,294,3,70,5
1172,2024-06-11,275,1,40,1
1173,2023-03-30,42,3,64,4
1174,2023-05-08,60,5,98,5
1175,2024-07-18,128,2,36,5
1176,2023-03-15,47,3,89,3
1177,2023-01-07,166,2,62,3
1178,2023-03-24,295,5,69,3
1179,2023-10-29,234,3,63,5
1180,2023-09-30,96,5,18,1
1181,2024-03-18,39,1,80,3
1182,2024-01-25,57,1,86,3
1183,2023-06-22,142,3,20,5
1184,2023-11-18,80,2,50,3
1185,2024-01-08,121,3,32,5
1186,2023-09-17,3,3,27,5
1187,2024-08-10,229,4,74,4
1188,2024-06-25,88,3,55,3
1189,2023-07-17,87,4,78,4
1190,2023-09-28,58,1,59,1
1191,2023-05-21,268,5,94,2
1192,2024-04-28,279,4,98,1
1193,2023-03-09,19,4,93,4
1194,2024-05-17,226,5,43,5
1195,2023-08-09,242,5,91,2
1196,2023-01-18,9,4,76,3
1197,2023-03-13,158,3,89,1
1198,2023-09-19,17,3,14,3
1199,2023-05-30,145,5,36,2
1200,2023-09-13,290,5,59,2
1201,2024-08-19,255,5,84,4
1202,2024-06-05,240,4,65,2
1203,2024-01-28,265,3,98,3
1204,2024-05-20,9,2,78,5
1205,2023-10-03,97,2,100,5
1206,2023-02-28,78,3,83,5
1207,2023-05-20,256,5,39,5
1208,2024-05-22,169,5,92,3
1209,2023-05-04,107,1,77,1
1210,2024-03-12,10,5,2,1
1211,2024-05-29,154,4,73,3
1212,2023-11-28,136,5,76,2
1213,2024-07-26,271,5,75,1
1214,2023-02-28,197,1,49,5
1215,2024-01-14,215,4,38,4
1216,2023-03-10,219,1,68,3
1217,2024-05-14,50,2,18,3
1218,2023-04-05,275,4,25,5
1219,2024-07-19,219,1,9,1
1220,2024-03-07,133,5,42,2
1221,2024-06-26,220,1,81,4
1222,2023-02-28,69,5,36,1
1223,2023-09-09,256,4,15,3
1224,2024-05-20,251,3,97,5
1225,2023-05-22,187,5,94,2
1226,2024-03-11,54,1,85,2
1227,2023-03-21,291,5,27,2
1228,2024-04-12,116,1,58,3
1229,2023-09-13,230,1,14,3
1230,2023-02-06,128,3,82,1
1231,2023-12-23,283,1,20,4
1232,2023-02-05,23,1,35,4
1233,2024-01-05,30,4,74,4
1234,2024-08-21,192,2,68,2
1235,2023-08-05,209,3,74,3
1236,2023-08-23,156,1,69,1
1237,2023-11-03,147,1,28,1
1238,2023-03-11,135,1,58,2
1239,2023-09-08,252,2,33,3
1240,2023-12-14,47,4,9,3
1241,2024-05-22,160,4,29,3
1242,2023-12-30,63,2,67,4
1243,2024-01-02,247,5,54,2
1244,2024-01-03,162,4,21,4
1245,2023-09-20,291,3,49,5
1246,2023-01-10,265,1,73,2
1247,2023-05-14,273,1,53,5
1248,2023-03-03,184,4,82,3
1249,2024-07-25,277,3,5,4
1250,2023-06-28,1,2,53,3
1251,2023-05-07,168,3,4,3
1252,2023-09-20,255,1,23,2
1253,2024-01-27,128,4,27,4
1254,2024-04-28,212,4,23,1
1255,2023-07-30,73,1,51,3
1256,2023-11-15,209,5,23,5
1257,2023-04-10,199,4,59,5
1258,2023-01-16,60,4,81,5
1259,2024-04-25,131,2,92,4
1260,2023-11-13,147,5,38,2
1261,2024-02-17,295,2,54,2
1262,2023-10-09,144,2,34,1
1263,2023-11-25,178,3,37,5
1264,2023-12-26,139,3,81,1
1265,2023-05-14,281,5,42,1
1266,2024-06-07,166,2,77,2
1267,2023-11-22,213,1,57,1
1268,2024-03-24,209,2,27,5
1269,2023-02-01,51,3,10,5
1270,2024-05-23,127,4,80,2
1271,2024-07-07,108,4,49,3
1272,2023-09-29,1,3,54,5
1273,2024-03-14,207,4,57,2
1274,2024-07-03,76,5,47,5
1275,2023-12-17,249,4,72,3
1276,2024-07-16,130,4,15,3
1277,2024-04-02,229,4,85,3
1278,2023-10-19,173,4,8,2
1279,2023-02-01,59,3,47,2
1280,2024-01-02,187,4,35,4
1281,2024-06-30,285,4,32,1
1282,2023-02-15,133,4,15,5
1283,2023-12-26,228,2,99,4
1284,2023-02-19,76,5,82,3
1285,2024-03-09,69,2,92,5
1286,2024-01-21,136,4,37,3
1287,2023-11-29,96,4,13,4
1288,2023-03-27,156,4,83,5
1289,2023-12-27,103,5,78,4
1290,2024-08-16,254,1,25,3
1291,2024-03-23,290,5,49,3
1292,2024-06-22,263,1,72,2
1293,2023-02-10,223,4,25,5
1294,2024-02-14,277,3,79,4
1295,2024-05-24,156,3,21,2
1296,2023-08-06,141,3,88,1
1297,2023-08-10,128,1,48,3
1298,2024-03-19,183,4,77,5
1299,2023-07-13,35,2,29,5
1300,2024-06-16,185,2,70,2
1301,2023-04-20,253,1,2,3
1302,2024-05-16,136,5,75,5
1303,2023-09-15,63,1,57,5
1304,2024-02-08,160,4,94,1
1305,2023-02-07,48,1,68,1
1306,2024-05-15,118,5,39,5
1307,2023-02-17,143,5,41,1
1308,2024-05-04,20,3,38,4
1309,2023-05-30,183,5,90,1
1310,2023-08-15,276,3,19,3
1311,2024-05-12,254,3,72,2
1312,2024-01-20,246,1,76,2
1313,2023-07-03,59,3,36,5
1314,2024-03-06,106,2,78,2
1315,2023-01-04,32,1,24,1
1316,2023-03-24,13,1,21,2
1317,2024-08-13,65,4,22,4
1318,2023-07-27,101,3,28,1
1319,2024-06-19,21,3,84,1
1320,2023-01-08,123,4,57,5
1321,2024-04-15,145,3,74,5
1322,2023-08-03,148,3,4,3
1323,2023-09-16,55,1,77,3
1324,2023-04-25,247,3,46,4
1325,2024-07-06,56,5,14,1
1326,2024-02-12,13,2,94,2
1327,2024-04-10,161,2,31,5
1328,2023-02-21,256,1,76,4
1329,2023-02-24,54,4,26,1
1330,2024-03-24,223,5,45,2
1331,2024-05-13,89,2,56,5
1332,2023-06-21,122,2,88,5
1333,2023-08-19,111,1,96,4
1334,2024-07-19,69,5,35,4
1335,2023-01-25,33,5,2,2
1336,2023-06-25,148,2,70,1
1337,2023-04-19,279,1,68,5
1338,2023-06-01,73,5,61,1
1339,2023-09-24,42,2,70,2
1340,2023-02-20,185,1,23,3
1341,2023-01-03,57,4,47,3
1342,2024-04-23,277,1,81,1
1343,2023-04-27,1,5,53,5
1344,2023-01-24,62,1,8,1
1345,2023-10-10,280,2,42,5
1346,2023-08-18,299,3,71,3
1347,2023-05-06,263,2,100,3
1348,2023-03-16,114,3,61,3
1349,2023-01-24,146,5,11,1
1350,2023-12-21,131,1,87,2
1351,2023-06-08,210,3,76,1
1352,2023-12-02,147,3,98,4
1353,2024-01-30,239,1,81,4
1354,2023-10-26,203,4,94,5
1355,2023-03-26,229,2,72,1
1356,2023-01-25,17,1,97,1
1357,2024-03-06,164,1,72,3
1358,2023-01-13,64,4,68,1
1359,2024-08-12,40,4,40,3
1360,2024-04-02,52,3,23,4
1361,2023-11-25,240,3,89,5
1362,2024-08-19,267,4,69,3
1363,2024-08-13,49,1,27,5
1364,2023-09-21,98,1,38,3
1365,2023-01-15,99,5,69,5
1366,2024-04-06,200,5,78,5
1367,2024-08-21,53,4,66,2
1368,2023-02-27,247,3,99,3
1369,2023-01-26,252,3,40,1
1370,2023-06-09,147,5,52,5
1371,2024-02-26,152,2,86,4
1372,2023-10-02,77,5,47,3
1373,2023-07-21,66,1,98,3
1374,2023-10-24,44,4,83,5
1375,2023-08-18,20,1,23,1
1376,2024-02-11,11,2,59,5
1377,2024-02-16,253,2,6,5
1378,2024-04-20,264,3,12,1
1379,2023-05-05,2,5,55,4
1380,2023-03-27,10,3,64,1
1381,2023-09-29,224,2,47,2
1382,2023-01-11,260,2,92,3
1383,2024-03-21,41,5,46,3
1384,2023-07-14,3,5,30,4
1385,2024-06-21,73,1,36,1
1386,2023-04-04,176,2,90,2
1387,2023-11-21,40,1,98,1
1388,2023-01-15,66,3,93,2
1389,2024-01-07,160,3,76,5
1390,2023-09-27,248,1,16,1
1391,2024-02-18,213,1,27,2
1392,2023-09-29,92,1,9,5
1393,2024-04-30,128,2,49,5
1394,2024-01-29,53,4,83,1
1395,2023-06-01,225,1,54,4
1396,2024-07-16,137,5,40,4
1397,2024-04-28,295,1,30,4
1398,2024-06-19,87,4,9,3
1399,2023-10-24,146,5,49,1
1400,2023-01-22,237,2,32,3
1401,2023-11-15,294,4,87,2
1402,2024-08-18,227,2,7,4
1403,2023-12-23,84,2,22,3
1404,2023-06-03,108,4,79,5
1405,2024-04-25,29,5,25,5
1406,2023-04-05,120,3,79,5
1407,2023-02-24,129,3,28,5
1408,2023-10-09,162,4,3,3
1409,2023-07-14,64,1,41,3
1410,2023-04-30,113,4,72,2
1411,2023-01-26,279,5,73,1
1412,2024-01-06,46,2,21,5
1413,2024-04-23,272,4,85,1
1414,2024-07-04,102,5,41,5
1415,2024-05-15,233,3,66,1
1416,2023-02-21,37,3,24,4
1417,2023-01-13,179,2,15,1
1418,2023-01-17,100,3,4,4
1419,2024-02-29,263,4,83,4
1420,2023-12-21,250,3,57,1
1421,2023-08-19,268,2,59,3
1422,2024-03-21,140,5,73,2
1423,2023-08-17,286,4,7,5
1424,2023-04-28,14,5,1,4
1425,2024-02-22,237,1,96,4
1426,2024-04-29,181,2,29,2
1427,2023-12-28,150,2,22,3
1428,2024-02-17,180,2,80,2
1429,2023-10-15,97,3,85,4
1430,2024-06-04,82,5,96,1
1431,2023-03-18,246,2,51,4
1432,2024-04-08,69,2,15,4
1433,2023-04-12,105,4,51,5
1434,2023-12-08,27,1,4,5
1435,2024-07-18,237,2,9,3
1436,2023-04-16,280,3,9,4
1437,2023-12-18,146,5,37,5
1438,2024-05-28,36,1,39,5
1439,2024-05-21,96,3,44,5
1440,2024-07-17,267,4,75,1
1441,2024-03-21,173,3,40,4
1442,2024-02-03,88,1,71,2
1443,2023-09-01,300,1,71,2
1444,2024-03-18,77,1,74,4
1445,2023-10-11,84,5,64,5
1446,2024-06-07,263,4,51,1
1447,2023-04-06,44,4,85,2
1448,2023-02-22,50,1,27,5
1449,2023-12-24,213,4,39,5
1450,2024-02-10,142,2,63,5
1451,2024-08-02,241,3,79,5
1452,2023-07-23,180,5,95,2
1453,2024-03-12,143,3,67,5
1454,2023-10-22,258,5,81,1
1455,2024-01-19,128,1,76,2
1456,2023-12-23,164,3,51,3
1457,2024-06-20,89,1,76,5
1458,2024-02-01,34,5,28,2
1459,2023-08-03,1,1,62,2
1460,2023-08-16,76,3,63,4
1461,2023-11-30,284,4,95,3
1462,2023-01-25,30,5,7,3
1463,2023-12-13,167,5,4,4
1464,2023-11-26,133,2,57,4
1465,2023-01-15,206,3,64,5
1466,2024-08-01,44,4,82,2
1467,2023-06-05,203,2,25,4
1468,2023-12-08,196,2,4,3
1469,2024-05-14,58,4,89,1
1470,2024-05-25,80,4,87,3
1471,2023-04-08,228,2,83,4
1472,2024-06-08,61,5,68,2
1473,2023-05-25,33,2,48,4
1474,2024-06-17,268,5,22,1
1475,2024-02-08,173,5,76,4
1476,2023-09-20,263,5,61,3
1477,2024-06-10,218,4,34,4
1478,2024-03-15,28,3,36,3
1479,2023-08-27,185,3,33,3
1480,2023-10-13,178,1,76,1
1481,2024-04-23,134,3,26,5
1482,2024-04-22,235,5,65,5
1483,2023-12-14,78,5,66,3
1484,2023-08-27,33,5,78,1
1485,2024-06-21,290,5,11,4
1486,2023-07-17,30,2,33,5
1487,2024-07-30,50,2,65,3
1488,2023-10-30,65,1,6,1
1489,2023-10-16,218,2,31,4
1490,2024-02-13,103,2,76,1
1491,2024-07-30,223,3,69,1
1492,2023-02-14,58,1,66,1
1493,2023-08-17,136,2,54,4
1494,2023-10-17,45,1,73,3
1495,2023-04-26,50,1,57,4
1496,2024-07-12,48,5,20,2
1497,2023-12-23,195,4,79,4
1498,2023-11-05,283,2,78,2
1499,2024-04-13,127,2,50,4
1500,2023-04-24,168,5,82,5
1501,2023-06-26,176,5,27,2
1502,2023-12-26,64,2,53,1
1503,2023-11-10,35,1,49,3
1504,2024-05-21,52,4,82,5
1505,2023-04-23,87,5,40,2
1506,2024-05-16,36,3,31,1
1507,2024-01-22,264,4,24,1
1508,2024-06-02,240,4,74,4
1509,2023-01-04,229,2,82,5
1510,2023-09-23,23,2,97,5
1511,2023-05-02,136,4,12,5
1512,2023-08-27,87,3,82,1
1513,2023-12-08,296,3,87,3
1514,2023-03-21,297,3,76,5
1515,2024-03-19,202,2,31,2
1516,2023-03-03,86,1,73,4
1517,2024-02-27,226,1,9,2
1518,2024-01-06,276,5,9,1
1519,2024-01-09,166,5,69,2
1520,2023-11-16,101,3,93,2
1521,2024-02-10,197,4,32,1
1522,2023-02-07,31,4,22,3
1523,2024-05-16,272,2,7,1
1524,2024-03-10,5,3,52,1
1525,2024-06-18,152,5,97,2
1526,2023-11-07,152,2,30,2
1527,2024-07-27,150,4,99,5
1528,2023-10-29,6,2,93,2
1529,2024-04-11,52,2,2,1
1530,2024-06-13,146,3,28,5
1531,2024-01-10,4,2,10,3
1532,2023-07-20,174,4,12,4
1533,2023-05-16,219,4,43,4
1534,2024-07-23,82,2,29,1
1535,2024-04-19,123,3,61,4
1536,2023-10-23,285,1,55,4
1537,2024-05-01,19,1,35,4
1538,2023-10-22,127,2,53,3
1539,2023-11-06,37,4,57,3
1540,2023-04-24,55,1,71,2
1541,2024-01-17,77,5,94,3
1542,2023-03-19,148,3,53,3
1543,2024-01-16,66,5,45,2
1544,2023-12-14,246,5,28,2
1545,2024-01-30,60,3,58,4
1546,2023-11-14,118,3,6,2
1547,2023-02-11,116,3,3,5
1548,2023-02-13,236,2,1,4
1549,2023-06-24,25,1,35,5
1550,2024-08-21,53,4,61,3
1551,2024-06-26,30,5,15,4
1552,2023-06-10,180,4,68,5
1553,2024-02-19,90,1,40,1
1554,2023-03-24,96,5,76,5
1555,2024-04-12,77,2,6,2
1556,2023-10-11,285,5,67,1
1557,2024-04-22,159,5,95,1
1558,2023-11-25,74,2,80,3
1559,2023-04-26,178,4,56,5
1560,2023-10-03,115,3,8,1
1561,2023-03-25,237,4,99,4
1562,2023-01-31,119,5,14,3
1563,2024-06-14,70,1,12,5
1564,2023-12-15,247,5,22,2
1565,2023-09-19,147,5,68,2
1566,2023-06-27,66,1,54,2
1567,2023-07-18,204,2,49,2
1568,2023-01-08,288,2,94,5
1569,2023-11-03,177,2,54,2
1570,2024-01-23,146,4,34,3
1571,2023-08-01,227,3,87,1
1572,2023-05-11,241,4,38,4
1573,2024-06-18,241,5,36,2
1574,2023-12-14,133,4,48,4
1575,2024-08-05,133,3,60,3
1576,2024-01-18,34,1,55,5
1577,2023-08-12,249,3,47,1
1578,2023-09-16,103,2,23,2
1579,2024-02-01,219,4,88,1
1580,2024-07-23,27,1,29,2
1581,2023-03-03,264,5,19,3
1582,2024-03-24,211,5,11,2
1583,2023-02-28,10,3,22,5
1584,2023-07-16,40,5,39,4
1585,2024-03-26,234,4,31,1
1586,2024-05-14,40,5,6,2
1587,2023-12-13,91,2,3,2
1588,2023-05-07,58,2,26,1
1589,2023-12-10,80,3,46,5
1590,2023-10-11,78,2,50,2
1591,2023-09-30,95,3,26,4
1592,2024-02-03,186,1,11,1
1593,2023-12-02,242,4,100,3
1594,2024-06-03,146,3,79,5
1595,2024-02-16,157,4,2,4
1596,2023-03-11,204,4,97,3
1597,2023-03-27,219,3,14,2
1598,2024-02-07,81,5,70,2
1599,2024-02-03,37,3,7,3
1600,2023-11-18,259,2,51,4
1601,2023-10-17,174,3,74,5
1602,2023-11-02,57,3,56,4
1603,2023-06-07,107,4,6,4
1604,2023-10-20,56,5,32,1
1605,2024-04-03,300,1,35,3
1606,2024-04-27,279,2,9,4
1607,2023-10-12,183,3,31,1
1608,2023-10-08,148,3,71,5
1609,2023-04-28,254,2,92,4
1610,2024-04-17,286,5,8,2
1611,2023-04-08,26,5,58,1
1612,2024-04-12,237,4,26,3
1613,2024-01-28,269,4,56,4
1614,2024-01-25,83,2,95,2
1615,2023-08-31,260,1,99,2
1616,2024-06-25,246,5,40,1
1617,2024-04-23,28,4,87,2
1618,2024-05-06,176,4,19,2
1619,2024-04-02,294,2,99,3
1620,2023-05-24,23,5,38,1
1621,2023-03-04,81,3,25,3
1622,2023-07-01,47,3,86,3
1623,2023-03-23,225,3,58,3
1624,2023-02-11,197,2,63,5
1625,2023-03-02,138,3,51,5
1626,2023-05-07,195,4,62,4
1627,2023-08-05,289,5,90,2
1628,2024-04-10,81,2,69,5
1629,2023-01-16,2,3,39,4
1630,2023-05-16,42,4,14,3
1631,2024-03-25,9,2,91,2
1632,2024-01-30,283,4,55,4
1633,2023-01-04,207,5,2,1
1634,2024-04-08,47,1,44,2
1635,2023-12-07,242,1,4,2
1636,2023-01-19,30,2,23,1
1637,2023-05-25,155,4,81,2
1638,2024-03-09,257,2,26,5
1639,2023-10-04,290,2,50,2
1640,2024-02-23,24,4,74,5
1641,2024-08-23,214,5,70,5
1642,2023-12-15,78,5,94,5
1643,2024-01-13,201,4,42,5
1644,2023-10-24,42,5,43,4
1645,2024-08-21,10,4,21,4
1646,2024-07-22,75,2,25,5
1647,2023-05-21,231,4,34,4
1648,2024-01-08,137,5,84,2
1649,2024-03-24,200,3,87,2
1650,2023-01-20,257,3,37,2
1651,2023-04-09,93,4,18,3
1652,2023-05-12,4,2,80,5
1653,2023-08-13,7,2,74,1
1654,2023-08-03,50,1,51,1
1655,2023-01-31,58,1,62,4
1656,2024-01-02,200,5,90,3
1657,2024-02-02,30,4,33,4
1658,2024-06-22,56,1,2,1
1659,2023-12-13,70,4,61,4
1660,2023-11-07,107,2,100,1
1661,2023-03-14,196,2,64,5
1662,2024-06-10,15,5,13,1
1663,2023-03-07,39,1,55,4
1664,2023-07-19,128,4,84,4
1665,2023-11-10,287,2,43,4
1666,2023-04-17,239,1,9,4
1667,2024-03-23,210,1,82,4
1668,2023-06-08,182,2,94,1
1669,2023-01-04,6,1,38,3
1670,2023-07-01,99,1,24,4
1671,2023-02-24,232,1,68,2
1672,2023-02-16,110,4,72,2
1673,2023-07-28,262,1,74,4
1674,2023-01-08,243,4,41,4
1675,2023-01-16,165,1,47,1
1676,2023-08-29,88,2,4,5
1677,2023-09-27,266,5,19,2
1678,2023-11-27,53,1,38,5
1679,2024-01-04,256,5,31,3
1680,2023-05-15,132,5,37,1
1681,2024-04-05,196,4,88,1
1682,2023-09-09,124,3,1,5
1683,2023-07-28,87,1,33,5
1684,2023-07-02,165,1,81,2
1685,2024-05-06,299,1,2,1
1686,2024-04-30,2,3,44,2
1687,2024-06-15,151,4,7,5
1688,2023-04-19,20,5,89,4
1689,2023-02-18,25,5,2,1
1690,2024-08-13,52,1,2,1
1691,2023-09-09,294,2,96,3
1692,2023-12-04,118,3,53,2
1693,2024-03-19,220,2,60,3
1694,2024-07-06,288,1,38,3
1695,2023-04-15,46,2,80,4
1696,2023-01-05,272,4,97,2
1697,2023-04-30,213,5,100,4
1698,2023-04-16,2,4,79,2
1699,2023-12-12,107,5,16,1
1700,2024-01-08,70,4,54,2
1701,2023-03-20,8,4,96,5
1702,2023-02-22,33,1,76,3
1703,2023-04-14,168,4,60,4
1704,2024-08-18,35,4,15,2
1705,2023-05-04,151,4,49,3
1706,2023-01-06,176,1,7,2
1707,2023-12-12,245,2,21,3
1708,2024-03-06,163,1,34,3
1709,2023-10-26,10,3,82,3
1710,2023-11-25,72,1,25,2
1711,2024-06-09,151,2,47,3
1712,2023-08-28,179,1,38,4
1713,2023-08-02,127,5,89,4
1714,2024-01-10,147,3,61,4
1715,2024-01-31,128,1,74,5
1716,2024-05-25,255,5,75,4
1717,2023-08-30,168,1,99,5
1718,2023-05-18,201,3,55,3
1719,2023-06-23,45,2,90,4
1720,2023-05-29,266,1,31,3
1721,2023-03-02,101,2,17,3
1722,2023-06-17,187,5,13,3
1723,2023-01-28,251,3,29,3
1724,2024-04-28,85,1,67,3
1725,2023-10-28,175,4,29,5
1726,2023-03-19,10,2,42,4
1727,2023-01-08,233,2,65,4
1728,2024-07-10,139,5,1,2
1729,2024-06-17,94,4,51,3
1730,2024-01-20,75,2,18,2
1731,2023-04-25,177,2,55,2
1732,2023-02-14,34,5,12,5
1733,2024-03-02,71,4,10,5
1734,2023-03-27,173,2,38,5
1735,2024-05-03,182,5,9,4
1736,2023-09-28,101,4,43,5
1737,2023-04-05,48,2,29,4
1738,2023-02-22,206,2,75,2
1739,2023-03-04,255,1,96,3
1740,2024-07-28,253,2,44,4
1741,2023-09-22,238,3,18,1
1742,2024-03-12,171,3,67,3
1743,2024-08-13,36,1,100,3
1744,2024-06-17,104,2,54,2
1745,2023-09-01,16,1,66,3
1746,2023-05-13,241,5,23,3
1747,2023-08-19,107,2,90,4
1748,2023-01-06,264,1,10,3
1749,2024-07-16,278,5,58,5
1750,2023-10-19,273,5,20,1
1751,2024-05-28,43,1,8,5
1752,2024-01-04,64,2,72,2
1753,2023-05-19,196,3,22,3
1754,2023-10-05,139,2,81,1
1755,2024-05-06,16,1,23,3
1756,2023-01-19,229,1,60,2
1757,2024-05-05,56,3,63,5
1758,2023-07-03,156,4,80,4
1759,2023-09-29,146,1,87,3
1760,2024-02-08,10,5,82,5
1761,2023-06-18,232,4,6,5
1762,2024-04-14,220,5,86,4
1763,2023-01-10,254,3,46,5
1764,2023-04-23,68,4,6,1
1765,2024-05-11,208,3,7,4
1766,2023-09-22,235,3,78,4
1767,2023-12-10,120,5,66,2
1768,2023-11-08,222,3,7,2
1769,2023-12-05,130,5,26,4
1770,2023-02-15,177,5,61,5
1771,2023-06-02,42,2,86,4
1772,2023-11-21,216,1,45,5
1773,2024-08-05,44,3,27,5
1774,2023-07-01,206,4,44,2
1775,2024-04-10,298,2,80,3
1776,2024-01-06,131,5,22,1
1777,2024-06-17,191,5,52,4
1778,2023-05-04,269,3,58,2
1779,2024-01-03,278,1,8,2
1780,2024-01-04,29,4,82,5
1781,2024-01-15,190,4,68,4
1782,2023-03-31,168,3,33,5
1783,2023-06-11,171,5,81,3
1784,2024-01-22,177,1,84,5
1785,2023-06-12,20,2,97,1
1786,2023-05-02,130,4,28,5
1787,2024-02-29,195,1,44,4
1788,2023-01-04,42,3,36,4
1789,2024-07-17,20,4,95,3
1790,2023-10-17,63,4,7,2
1791,2024-01-01,186,3,65,4
1792,2024-05-28,83,5,70,1
1793,2024-02-20,235,3,68,5
1794,2023-09-15,170,5,11,2
1795,2023-05-30,164,5,37,5
1796,2023-12-01,136,1,81,5
1797,2024-04-02,187,3,34,5
1798,2024-03-17,152,5,69,1
1799,2023-11-13,215,1,57,4
1800,2023-07-26,167,3,54,5
1801,2023-07-07,217,2,97,5
1802,2023-09-24,165,2,81,3
1803,2023-01-18,221,1,54,4
1804,2024-08-18,106,1,64,2
1805,2024-04-03,286,4,55,3
1806,2024-01-15,23,4,37,3
1807,2023-10-22,187,5,3,4
1808,2024-01-12,106,5,48,4
1809,2023-03-22,273,4,41,2
1810,2024-06-07,263,5,68,5
1811,2023-12-13,136,4,22,2
1812,2024-06-16,178,3,13,5
1813,2023-08-18,45,4,26,4
1814,2023-03-07,139,3,57,1
1815,2023-09-05,296,1,52,2
1816,2024-01-18,186,4,80,1
1817,2023-05-20,48,5,88,1
1818,2023-06-15,20,1,91,5
1819,2024-08-20,6,5,83,1
1820,2024-02-20,70,4,10,5
1821,2024-02-27,202,3,57,3
1822,2024-02-29,92,4,80,2
1823,2024-01-18,234,1,41,5
1824,2024-08-09,238,2,83,3
1825,2023-04-29,295,2,71,2
1826,2023-01-19,172,3,65,1
1827,2024-07-07,11,3,36,5
1828,2023-01-27,81,2,56,4
1829,2024-03-28,53,2,100,1
1830,2023-12-23,126,5,69,1
1831,2023-10-02,20,5,43,1
1832,2023-05-22,275,2,72,4
1833,2023-08-27,192,2,5,4
1834,2023-10-23,188,2,77,4
1835,2023-01-05,91,4,22,1
1836,2023-05-16,253,3,69,4
1837,2024-07-06,288,1,2,1
1838,2024-01-02,143,5,23,2
1839,2024-05-15,274,4,25,5
1840,2023-09-04,48,2,43,1
1841,2023-04-21,23,5,60,2
1842,2024-04-25,47,3,21,5
1843,2024-02-14,170,1,1,5
1844,2024-07-04,34,2,32,1
1845,2023-03-05,108,2,73,5
1846,2024-06-24,284,3,28,3
1847,2023-04-28,170,2,57,2
1848,2023-04-10,243,1,94,4
1849,2023-04-14,255,1,42,1
1850,2023-12-01,204,5,91,5
1851,2023-07-06,212,5,17,2
1852,2024-05-23,227,4,91,5
1853,2023-08-09,254,4,19,4
1854,2023-12-02,124,4,95,2
1855,2023-08-19,94,3,51,2
1856,2023-08-22,167,2,75,4
1857,2023-08-24,57,1,12,4
1858,2024-06-13,126,4,70,3
1859,2023-10-19,164,3,46,4
1860,2023-05-27,121,3,87,5
1861,2023-12-04,69,5,94,4
1862,2023-10-20,121,4,47,2
1863,2024-07-21,98,3,2,4
1864,2024-03-02,31,5,99,5
1865,2023-11-24,156,1,78,4
1866,2024-04-05,67,2,22,2
1867,2024-07-13,277,5,15,5
1868,2023-11-19,111,4,65,5
1869,2024-04-02,203,2,41,4
1870,2024-06-03,2,3,51,5
1871,2023-07-23,100,4,16,2
1872,2023-01-11,210,5,41,5
1873,2023-02-07,41,2,69,5
1874,2023-09-01,189,1,69,4
1875,2023-07-18,227,1,29,4
1876,2024-01-03,206,1,100,4
1877,2023-08-29,113,4,91,4
1878,2024-02-05,152,3,39,3
1879,2023-05-10,94,5,29,3
1880,2024-04-03,110,4,56,4
1881,2024-06-07,96,4,94,4
1882,2024-01-28,296,2,56,5
1883,2023-03-05,88,3,100,4
1884,2024-06-06,195,3,42,1
1885,2024-06-13,186,3,81,4
1886,2024-03-04,168,3,77,1
1887,2023-10-04,249,2,98,1
1888,2024-07-28,231,1,13,3
1889,2023-12-26,142,3,15,2
1890,2024-04-13,258,4,64,1
1891,2023-11-21,291,4,80,4
1892,2023-11-27,185,4,45,1
1893,2023-02-13,237,3,41,4
1894,2023-08-22,101,2,23,1
1895,2024-03-24,118,5,60,2
1896,2023-04-02,273,1,17,5
1897,2023-10-16,58,2,37,1
1898,2023-09-24,46,5,42,2
1899,2023-07-01,89,4,80,5
1900,2023-07-31,239,3,75,3
1901,2024-04-28,253,4,53,3
1902,2023-07-09,5,3,99,3
1903,2024-04-22,232,1,41,1
1904,2023-06-11,58,3,25,4
1905,2024-02-04,65,2,98,1
1906,2024-04-07,50,5,30,3
1907,2023-02-23,107,4,95,4
1908,2023-08-16,262,2,38,3
1909,2024-06-08,227,3,74,5
1910,2024-02-10,29,4,18,1
1911,2023-08-07,296,2,26,2
1912,2023-11-08,208,4,82,5
1913,2023-01-05,230,4,11,2
1914,2024-08-16,139,2,91,2
1915,2023-04-15,113,3,87,2
1916,2023-05-06,118,1,72,4
1917,2023-11-16,257,2,98,3
1918,2024-02-16,272,3,29,5
1919,2023-08-02,197,3,91,2
1920,2023-11-13,174,5,76,2
1921,2023-07-13,237,5,77,1
1922,2023-03-05,183,3,61,5
1923,2024-01-19,242,2,32,4
1924,2024-02-11,117,3,48,3
1925,2023-12-26,12,5,88,5
1926,2024-03-16,286,2,38,5
1927,2024-01-27,51,3,68,3
1928,2023-03-10,78,3,31,3
1929,2024-04-01,144,4,33,2
1930,2023-12-14,177,2,93,1
1931,2023-03-11,52,3,34,5
1932,2024-03-12,69,1,38,2
1933,2024-04-22,174,1,48,1
1934,2023-03-10,1,3,77,5
1935,2024-06-29,82,5,31,5
1936,2024-04-18,71,3,13,5
1937,2024-03-18,128,5,33,2
1938,2023-01-16,156,5,78,2
1939,2024-03-29,137,1,84,2
1940,2023-10-05,106,2,66,1
1941,2024-06-21,100,3,94,5
1942,2023-09-08,89,1,40,4
1943,2024-03-02,64,1,96,4
1944,2023-01-30,86,5,37,3
1945,2023-08-03,269,5,45,2
1946,2023-01-30,101,4,39,3
1947,2023-03-21,58,5,100,2
1948,2023-11-18,298,4,77,4
1949,2024-07-21,241,1,89,1
1950,2023-04-28,187,3,46,1
1951,2024-04-04,52,1,29,1
1952,2024-03-19,132,3,46,1
1953,2023-01-03,198,2,60,1
1954,2023-07-31,147,3,61,1
1955,2023-04-01,71,1,35,1
1956,2024-05-17,264,2,60,2
1957,2023-06-20,230,4,60,4
1958,2024-03-05,136,3,87,2
1959,2023-09-14,56,3,15,4
1960,2024-07-29,188,4,78,4
1961,2023-12-27,44,4,80,1
1962,2023-03-14,113,5,55,3
1963,2023-10-09,28,1,47,5
1964,2023-01-04,93,5,79,2
1965,2023-06-14,23,5,37,5
1966,2023-08-25,103,2,19,4
1967,2023-11-10,240,2,81,5
1968,2023-01-03,50,4,48,3
1969,2023-12-08,50,1,100,3
1970,2023-08-16,9,2,87,5
1971,2024-07-02,171,5,46,5
1972,2023-11-11,218,4,15,3
1973,2023-06-29,219,2,78,4
1974,2023-02-24,183,4,83,2
1975,2024-06-28,200,5,86,3
1976,2024-04-17,206,1,54,1
1977,2024-05-20,229,5,35,2
1978,2023-01-09,37,2,23,5
1979,2023-09-29,178,5,10,3
1980,2023-07-07,281,2,74,2
1981,2023-05-05,237,4,95,5
1982,2023-09-29,14,1,45,4
1983,2023-10-05,39,2,79,5
1984,2023-11-20,68,4,23,4
1985,2023-07-21,281,4,40,5
1986,2023-02-15,7,4,61,3
1987,2023-06-28,81,3,15,2
1988,2023-04-16,134,5,28,3
1989,2023-08-18,18,3,85,4
1990,2024-05-03,164,2,25,1
1991,2024-03-22,81,3,80,2
1992,2023-12-31,77,4,15,2
1993,2024-01-07,36,1,71,1
1994,2023-01-23,92,5,26,3
1995,2024-05-03,85,5,76,3
1996,2024-03-28,270,5,19,1
1997,2023-10-31,155,4,82,5
1998,2023-09-06,112,4,26,4
1999,2024-03-13,71,3,22,2
2000,2023-07-21,42,3,6,3
2001,2024-07-02,234,1,85,1
2002,2024-05-01,87,1,8,4
2003,2024-05-31,146,5,24,1
2004,2023-04-06,82,2,5,5
2005,2024-07-22,249,4,42,4
2006,2023-09-24,110,4,39,5
2007,2023-05-22,166,2,49,5
2008,2024-06-12,214,1,9,1
2009,2024-05-18,249,4,16,1
2010,2024-02-14,19,2,94,1
2011,2023-02-11,44,1,95,3
2012,2023-02-04,256,4,50,4
2013,2023-01-30,167,1,78,1
2014,2023-03-13,237,1,25,3
2015,2023-03-08,132,4,70,2
2016,2024-03-20,105,1,29,4
2017,2023-06-08,238,2,29,5
2018,2024-08-07,111,3,17,5
2019,2023-11-14,290,3,41,3
2020,2023-03-05,92,4,31,2
2021,2023-01-19,155,1,21,5
2022,2024-08-21,40,1,89,5
2023,2023-12-14,231,3,95,1
2024,2023-06-21,184,2,60,4
2025,2024-07-02,241,3,62,4
2026,2023-10-10,178,3,83,1
2027,2023-06-24,89,4,53,2
2028,2023-03-24,227,4,28,3
2029,2023-08-29,2,4,75,5
2030,2024-06-21,258,3,21,3
2031,2023-08-06,48,3,84,4
2032,2024-03-19,145,4,83,4
2033,2024-03-16,72,1,70,2
2034,2023-02-02,267,2,81,4
2035,2024-08-06,139,1,89,2
2036,2023-04-21,157,4,22,3
2037,2024-08-15,84,4,93,4
2038,2023-07-05,206,1,13,3
2039,2024-01-03,9,1,6,3
2040,2024-04-30,126,5,24,1
2041,2023-04-04,28,2,13,2
2042,2024-03-30,15,4,21,2
2043,2023-12-22,252,2,45,4
2044,2024-06-03,216,5,82,2
2045,2023-02-23,118,5,70,3
2046,2024-01-13,155,5,12,5
2047,2023-07-12,273,5,61,4
2048,2023-07-29,223,3,70,2
2049,2024-07-06,200,5,17,5
2050,2024-08-22,87,2,81,4
2051,2024-02-09,40,5,69,2
2052,2023-01-23,123,5,45,3
2053,2024-01-29,263,4,16,3
2054,2023-09-29,152,3,95,2
2055,2024-08-03,216,5,6,2
2056,2023-11-21,126,4,51,1
2057,2024-05-07,224,1,33,2
2058,2023-03-15,138,5,6,1
2059,2024-04-21,150,2,38,2
2060,2024-02-04,279,2,95,4
2061,2023-06-01,220,5,39,1
2062,2023-01-21,206,2,49,2
2063,2023-03-19,174,4,33,2
2064,2024-07-16,297,5,52,2
2065,2023-06-09,228,5,73,5
2066,2023-06-18,72,5,33,1
2067,2024-06-22,243,5,14,1
2068,2024-01-17,139,2,65,3
2069,2023-06-10,118,4,3,4
2070,2023-09-15,263,3,29,4
2071,2024-06-18,16,2,73,4
2072,2024-08-21,133,1,66,1
2073,2023-01-06,30,3,88,5
2074,2023-11-22,240,1,15,1
2075,2023-12-04,54,5,71,1
2076,2023-01-03,163,3,44,4
2077,2024-07-14,56,3,48,4
2078,2024-05-27,53,3,86,5
2079,2023-08-01,103,2,47,3
2080,2023-05-09,16,3,29,4
2081,2023-05-30,134,1,95,5
2082,2024-05-24,85,1,32,1
2083,2024-04-01,116,3,56,2
2084,2023-03-17,110,4,66,1
2085,2024-06-25,194,2,25,2
2086,2023-08-29,3,1,82,2
2087,2024-03-19,64,5,12,2
2088,2023-12-09,210,2,26,2
2089,2024-08-05,52,1,13,2
2090,2023-07-05,6,5,7,1
2091,2023-04-29,238,4,85,1
2092,2023-06-16,221,1,82,2
2093,2023-05-31,234,1,93,4
2094,2023-04-18,127,4,8,1
2095,2023-03-23,162,5,54,1
2096,2023-05-16,273,2,16,3
2097,2023-01-14,48,4,40,4
2098,2024-03-01,182,4,35,5
2099,2024-03-14,284,1,86,3
2100,2024-07-02,155,5,100,4
2101,2024-02-01,73,3,63,5
2102,2024-02-05,87,4,52,3
2103,2023-09-15,137,2,57,3
2104,2024-01-04,28,3,22,5
2105,2023-10-30,12,4,38,2
2106,2024-04-18,103,5,77,2
2107,2023-04-14,2,5,96,1
2108,2023-08-23,67,4,11,5
2109,2023-11-13,129,1,11,3
2110,2023-09-23,286,2,66,4
2111,2024-01-23,250,2,83,5
2112,2023-08-04,43,2,4,4
2113,2023-06-19,244,2,92,5
2114,2024-07-26,264,2,97,5
2115,2023-06-16,261,2,4,3
2116,2024-07-02,58,1,94,2
2117,2024-06-14,253,5,19,1
2118,2024-02-13,189,5,21,5
2119,2023-04-14,203,3,93,2
2120,2024-01-31,141,5,64,2
2121,2023-12-17,131,2,82,4
2122,2023-07-24,300,3,77,3
2123,2023-03-07,116,3,1,5
2124,2023-03-29,92,5,65,2
2125,2023-02-20,91,5,64,2
2126,2024-05-09,58,5,23,4
2127,2024-07-16,149,4,59,1
2128,2024-03-25,85,3,54,2
2129,2023-10-19,59,2,67,4
2130,2024-07-09,210,4,5,5
2131,2023-07-21,213,1,85,2
2132,2023-12-03,106,2,82,2
2133,2023-02-01,236,2,32,1
2134,2024-02-25,70,3,74,4
2135,2024-04-14,194,4,65,1
2136,2024-05-11,37,3,27,5
2137,2023-06-03,133,1,30,1
2138,2023-08-10,153,1,1,3
2139,2023-12-24,111,4,68,1
2140,2024-02-14,61,5,1,3
2141,2023-05-04,240,2,11,3
2142,2023-06-13,109,1,76,4
2143,2024-07-25,86,4,26,2
2144,2024-05-28,167,5,92,3
2145,2023-12-15,102,1,59,4
2146,2024-05-18,14,2,68,4
2147,2024-02-10,67,1,44,1
2148,2023-04-25,63,4,24,5
2149,2024-02-13,266,1,89,2
2150,2023-07-28,279,2,15,5
2151,2023-08-31,170,1,89,5
2152,2024-02-29,103,1,79,3
2153,2023-10-26,247,1,62,4
2154,2024-06-20,120,3,35,4
2155,2023-04-22,292,1,4,1
2156,2023-05-10,79,3,29,1
2157,2024-08-05,101,4,81,5
2158,2023-06-15,121,1,50,3
2159,2023-09-21,111,4,99,1
2160,2023-11-24,228,4,9,3
2161,2024-06-28,24,5,12,2
2162,2023-04-26,145,1,22,1
2163,2024-05-18,268,1,26,5
2164,2023-06-23,27,5,79,4
2165,2023-08-25,134,2,97,4
2166,2024-05-24,113,4,8,1
2167,2024-07-18,45,4,50,4
2168,2023-08-30,211,2,16,5
2169,2024-05-29,11,2,25,4
2170,2024-01-23,244,5,72,1
2171,2024-05-13,146,4,94,5
2172,2024-06-23,131,2,8,2
2173,2023-04-10,132,1,12,1
2174,2024-06-18,90,5,60,4
2175,2023-12-04,227,4,69,5
2176,2024-05-24,108,4,63,5
2177,2023-04-26,186,3,11,3
2178,2024-03-28,284,1,96,2
2179,2023-10-19,53,3,88,2
2180,2023-05-05,159,2,39,5
2181,2023-09-07,124,3,53,2
2182,2023-06-10,111,4,9,3
2183,2024-05-10,105,3,29,4
2184,2023-10-17,252,3,100,4
2185,2023-10-09,173,1,87,2
2186,2023-11-08,160,1,30,1
2187,2024-03-23,240,1,85,2
2188,2023-05-23,7,4,88,3
2189,2024-05-02,168,3,40,1
2190,2023-09-27,170,3,87,3
2191,2023-09-27,287,4,80,1
2192,2024-02-07,31,5,33,1
2193,2024-07-11,189,5,84,4
2194,2023-09-02,192,5,44,3
2195,2023-03-29,242,5,14,4
2196,2023-11-16,164,1,67,3
2197,2023-04-26,100,3,37,5
2198,2024-07-15,8,3,89,1
2199,2023-03-17,103,1,94,3
2200,2023-08-08,181,3,17,4
2201,2024-03-11,279,5,52,2
2202,2023-11-26,30,1,18,2
2203,2023-01-08,112,1,77,1
2204,2024-08-10,119,1,66,1
2205,2023-06-06,85,3,30,2
2206,2023-04-10,259,3,35,4
2207,2023-06-07,12,3,27,2
2208,2023-08-29,162,3,66,3
2209,2023-09-14,270,3,20,2
2210,2024-04-08,142,2,81,1
2211,2023-03-01,105,4,66,5
2212,2023-11-16,152,4,17,3
2213,2024-06-21,1,2,25,2
2214,2024-05-03,186,5,80,1
2215,2024-08-13,282,2,40,5
2216,2024-04-16,147,4,52,3
2217,2024-06-08,220,5,85,4
2218,2023-07-24,33,3,56,2
2219,2023-05-30,29,5,26,1
2220,2024-05-24,286,1,69,1
2221,2024-04-25,17,5,40,2
2222,2023-06-09,294,3,11,1
2223,2023-01-05,57,3,22,3
2224,2024-07-09,87,1,82,4
2225,2023-10-17,180,5,20,5
2226,2024-01-27,109,3,77,2
2227,2023-01-02,161,1,54,1
2228,2023-09-03,156,2,78,2
2229,2023-08-14,124,1,15,3
2230,2023-05-20,281,5,26,3
2231,2023-04-07,149,4,55,3
2232,2023-05-15,259,1,63,3
2233,2023-10-11,220,5,33,2
2234,2023-06-10,74,1,60,3
2235,2024-08-03,104,4,38,1
2236,2023-07-13,162,1,32,1
2237,2024-08-06,181,3,32,4
2238,2023-12-14,295,4,80,4
2239,2023-03-20,293,3,17,5
2240,2023-11-12,31,4,27,2
2241,2024-04-19,291,1,56,4
2242,2023-04-01,276,1,80,2
2243,2024-08-08,128,2,25,2
2244,2023-12-09,62,1,22,2
2245,2023-06-11,66,1,14,1
2246,2023-06-28,267,5,55,1
2247,2024-08-16,54,3,48,3
2248,2023-11-29,27,4,78,1
2249,2024-04-19,130,4,63,4
2250,2024-03-29,171,1,85,1
2251,2023-12-03,178,4,45,5
2252,2024-03-23,123,2,84,3
2253,2023-06-21,185,5,46,1
2254,2024-06-29,177,4,57,1
2255,2023-04-01,173,3,66,2
2256,2023-06-07,260,5,19,1
2257,2023-02-11,130,2,8,5
2258,2023-07-21,100,3,91,2
2259,2023-10-19,117,3,34,3
2260,2024-04-07,57,3,4,3
2261,2024-05-09,131,4,57,1
2262,2024-04-19,242,5,63,2
2263,2023-05-05,233,1,36,4
2264,2023-11-15,21,2,92,3
2265,2024-03-14,208,3,94,4
2266,2023-06-01,174,5,54,4
2267,2024-02-06,250,1,2,5
2268,2024-08-08,215,4,76,4
2269,2024-07-03,257,1,48,3
2270,2023-03-06,291,3,74,5
2271,2024-05-04,296,4,69,1
2272,2023-12-17,206,2,26,4
2273,2023-04-06,141,2,13,3
2274,2023-10-05,28,4,45,1
2275,2024-05-15,37,4,96,4
2276,2024-07-28,187,2,51,3
2277,2023-08-14,163,1,74,1
2278,2024-02-10,266,5,79,4
2279,2023-05-21,8,5,51,4
2280,2023-06-23,140,2,90,2
2281,2023-01-25,183,4,38,1
2282,2024-07-19,23,1,12,5
2283,2023-02-03,199,2,95,4
2284,2024-04-09,263,5,43,1
2285,2024-02-07,16,4,98,2
2286,2023-01-06,13,4,62,5
2287,2024-04-17,60,3,60,5
2288,2023-10-07,194,5,17,4
2289,2023-03-23,175,5,87,5
2290,2023-01-09,94,4,97,4
2291,2023-11-07,32,1,57,1
2292,2023-10-21,281,5,44,2
2293,2024-06-08,57,5,1,4
2294,2023-08-19,99,2,13,3
2295,2023-07-03,267,5,55,3
2296,2023-10-21,296,3,49,5
2297,2024-08-12,248,2,89,1
2298,2023-03-15,84,3,47,1
2299,2023-01-08,252,3,9,2
2300,2024-08-05,270,4,3,2
2301,2024-04-01,218,5,85,4
2302,2024-03-01,116,1,93,1
2303,2023-09-18,251,5,5,5
2304,2023-10-31,117,1,86,2
2305,2023-08-15,279,5,94,1
2306,2024-04-28,230,4,34,4
2307,2023-08-07,43,3,56,2
2308,2023-04-22,233,2,64,3
2309,2023-04-29,45,5,47,1
2310,2024-01-03,65,2,64,4
2311,2024-06-22,147,1,58,3
2312,2024-07-27,155,4,25,4
2313,2023-06-12,99,1,26,5
2314,2024-03-11,207,2,48,3
2315,2023-01-20,139,3,67,2
2316,2023-11-02,235,4,88,4
2317,2024-04-28,211,1,20,1
2318,2024-08-09,155,1,25,2
2319,2024-04-28,229,1,77,5
2320,2023-05-06,16,5,75,1
2321,2023-12-18,21,1,44,1
2322,2023-03-15,263,2,79,2
2323,2023-11-12,57,5,19,4
2324,2024-04-26,60,3,13,1
2325,2024-03-31,166,2,8,5
2326,2023-07-13,197,1,74,2
2327,2023-09-10,36,4,31,2
2328,2023-02-03,171,4,23,4
2329,2023-10-03,145,5,78,3
2330,2024-05-15,254,5,45,1
2331,2023-07-27,162,1,24,1
2332,2024-06-11,196,4,59,1
2333,2024-02-22,45,2,1,1
2334,2023-09-21,259,4,21,2
2335,2023-09-13,162,2,10,3
2336,2024-05-12,282,2,48,5
2337,2024-08-03,10,1,6,2
2338,2023-11-10,8,3,23,2
2339,2024-02-29,8,3,57,1
2340,2023-05-15,289,4,5,3
2341,2023-08-08,99,1,22,1
2342,2024-04-21,230,2,13,1
2343,2023-01-10,246,5,93,2
2344,2024-01-02,175,3,85,2
2345,2023-02-23,97,5,58,3
2346,2023-08-07,200,4,38,5
2347,2023-02-19,153,1,53,1
2348,2024-01-20,132,2,15,1
2349,2023-12-21,293,3,66,5
2350,2024-07-13,118,1,32,1
2351,2024-03-09,47,2,7,4
2352,2023-05-03,165,4,28,1
2353,2024-02-10,7,2,45,1
2354,2023-04-26,204,3,21,5
2355,2023-09-02,123,3,10,3
2356,2024-08-06,73,5,10,1
2357,2024-04-26,233,1,67,3
2358,2024-05-29,4,2,51,4
2359,2023-12-24,115,1,4,1
2360,2024-06-30,53,2,35,4
2361,2023-08-22,198,1,36,1
2362,2024-07-28,47,1,87,3
2363,2024-04-19,277,2,3,4
2364,2023-05-05,85,5,58,4
2365,2024-06-23,93,5,67,4
2366,2023-10-02,134,5,80,2
2367,2023-01-12,203,2,96,5
2368,2024-06-04,184,1,24,3
2369,2024-05-24,78,2,71,2
2370,2023-01-06,280,5,3,5
2371,2024-01-10,105,2,16,3
2372,2024-05-18,272,3,3,1
2373,2024-05-01,187,3,77,3
2374,2023-11-16,235,4,85,5
2375,2024-01-19,131,1,41,1
2376,2024-06-10,109,1,1,3
2377,2024-07-02,129,5,9,2
2378,2023-02-12,41,1,4,2
2379,2023-05-15,225,2,26,5
2380,2024-02-13,147,3,40,1
2381,2023-08-29,85,2,28,5
2382,2023-05-31,210,3,30,2
2383,2023-11-15,76,3,84,3
2384,2023-08-21,263,1,69,2
2385,2023-10-15,252,2,63,1
2386,2024-01-11,59,4,13,4
2387,2024-08-05,141,4,9,4
2388,2023-10-11,247,3,98,4
2389,2023-06-15,174,2,46,2
2390,2023-02-05,41,1,75,1
2391,2024-04-21,161,3,37,3
2392,2024-05-06,215,4,64,4
2393,2023-01-04,101,4,78,1
2394,2024-03-20,117,1,39,3
2395,2024-08-10,4,2,29,5
2396,2023-04-23,173,3,4,1
2397,2024-05-25,237,4,92,4
2398,2023-03-11,35,3,96,5
2399,2023-05-22,274,3,17,1
2400,2024-05-27,89,5,64,2
2401,2023-03-28,250,3,34,5
2402,2023-06-22,90,2,58,5
2403,2023-07-29,267,2,50,1
2404,2024-06-16,71,4,11,4
2405,2023-06-23,273,3,48,2
2406,2023-01-14,10,3,17,3
2407,2024-07-13,268,1,21,1
2408,2023-06-04,90,2,82,2
2409,2024-06-14,32,4,76,1
2410,2023-07-24,101,1,83,1
2411,2023-12-16,69,4,52,4
2412,2023-09-30,98,2,99,2
2413,2024-03-03,60,4,11,5
2414,2024-01-28,110,2,70,4
2415,2024-02-13,26,3,93,1
2416,2024-01-27,245,2,57,4
2417,2023-05-03,204,2,77,2
2418,2023-09-21,83,2,33,3
2419,2024-01-13,276,4,16,4
2420,2023-11-18,55,4,81,4
2421,2024-04-21,171,2,65,5
2422,2023-01-22,3,3,92,4
2423,2023-03-03,180,2,17,4
2424,2023-10-05,126,3,88,5
2425,2023-12-28,155,5,92,4
2426,2023-12-21,281,5,18,3
2427,2023-05-02,2,2,97,1
2428,2023-10-02,177,2,88,5
2429,2024-07-27,265,1,40,2
2430,2024-01-15,254,5,65,2
2431,2024-08-01,136,2,64,2
2432,2023-09-16,179,3,74,1
2433,2024-07-13,177,3,56,5
2434,2023-05-10,83,3,57,2
2435,2023-07-03,43,4,49,3
2436,2023-09-25,60,3,42,1
2437,2023-06-22,294,1,19,1
2438,2023-08-01,142,1,52,2
2439,2023-11-27,291,3,1,5
2440,2023-11-21,207,1,100,3
2441,2023-10-12,4,1,1,2
2442,2024-08-03,252,1,3,4
2443,2024-03-21,229,2,47,5
2444,2024-03-15,214,4,39,2
2445,2023-06-23,186,1,44,2
2446,2024-06-16,182,5,98,3
2447,2024-07-22,118,1,90,5
2448,2023-12-17,134,1,40,1
2449,2024-08-01,63,2,64,1
2450,2024-03-02,112,2,86,5
2451,2023-05-24,108,5,13,1
2452,2024-05-02,96,5,79,1
2453,2023-03-17,271,3,78,3
2454,2023-11-27,78,1,80,3
2455,2024-07-26,170,1,33,5
2456,2024-04-14,82,1,62,4
2457,2024-07-30,63,1,48,5
2458,2023-05-02,97,1,87,4
2459,2023-05-27,76,1,53,1
2460,2023-09-04,26,4,22,5
2461,2023-07-05,146,4,73,2
2462,2023-04-26,76,1,5,4
2463,2023-08-22,66,2,51,1
2464,2023-11-05,148,1,62,2
2465,2023-12-24,55,5,48,5
2466,2024-06-16,73,2,95,1
2467,2024-06-02,271,5,10,5
2468,2023-08-27,232,4,7,4
2469,2024-05-19,203,4,18,3
2470,2023-06-07,25,1,68,2
2471,2023-09-21,50,5,77,4
2472,2023-01-31,268,4,59,5
2473,2023-11-16,90,4,59,5
2474,2024-01-21,131,5,2,2
2475,2024-07-31,142,5,34,2
2476,2023-12-23,96,5,93,5
2477,2024-06-14,271,3,18,2
2478,2024-05-03,158,2,17,5
2479,2024-04-18,166,5,92,1
2480,2024-01-28,24,3,23,2
2481,2023-11-09,165,3,12,5
2482,2024-05-25,114,2,75,5
2483,2024-04-19,22,3,19,1
2484,2023-02-15,86,5,7,4
2485,2023-06-26,219,5,55,1
2486,2023-08-10,192,1,44,3
2487,2023-09-13,280,5,62,4
2488,2024-01-31,141,1,4,1
2489,2023-08-27,181,2,78,2
2490,2023-11-25,139,1,54,4
2491,2023-12-13,242,2,51,2
2492,2023-04-15,187,4,68,5
2493,2023-12-08,27,4,34,3
2494,2024-03-19,300,2,69,4
2495,2023-06-07,152,5,24,1
2496,2024-01-02,241,4,49,4
2497,2023-12-28,71,5,86,1
2498,2024-06-27,289,5,64,5
2499,2024-04-16,175,3,18,4
2500,2023-07-06,274,3,14,1
2501,2023-02-22,46,3,27,1
2502,2024-08-04,262,3,94,4
2503,2024-01-31,2,2,39,3
2504,2023-04-08,131,4,45,2
2505,2024-04-20,116,2,26,3
2506,2023-08-23,60,4,57,4
2507,2023-05-08,121,5,29,1
2508,2023-11-07,111,4,40,2
2509,2023-12-14,177,4,80,5
2510,2024-03-13,138,5,21,4
2511,2023-07-23,175,5,69,2
2512,2023-10-24,214,2,30,4
2513,2023-12-01,197,3,12,1
2514,2024-06-05,164,1,44,4
2515,2023-05-20,80,2,86,4
2516,2023-03-19,245,1,46,1
2517,2023-01-16,135,3,89,2
2518,2024-08-10,167,4,77,5
2519,2023-06-11,128,1,93,1
2520,2023-10-27,251,3,2,3
2521,2024-05-16,46,1,93,4
2522,2023-03-11,79,2,54,2
2523,2023-03-29,256,5,92,4
2524,2024-05-06,20,5,56,4
2525,2023-11-24,205,5,31,1
2526,2023-05-07,192,5,53,2
2527,2023-04-19,3,3,72,1
2528,2023-09-28,83,5,3,5
2529,2023-10-22,187,5,22,2
2530,2023-03-08,74,5,64,3
2531,2023-06-14,81,4,67,3
2532,2024-06-10,89,2,66,5
2533,2023-10-06,165,5,58,2
2534,2023-09-28,122,3,77,4
2535,2023-04-08,45,3,21,3
2536,2023-01-14,284,2,79,2
2537,2023-12-17,155,5,53,4
2538,2023-03-12,126,5,87,4
2539,2024-05-15,107,2,65,3
2540,2023-10-12,292,1,68,3
2541,2024-05-23,172,1,6,2
2542,2024-05-20,156,5,34,4
2543,2023-12-16,182,1,61,2
2544,2024-07-01,256,5,64,1
2545,2023-06-11,278,3,71,3
2546,2023-04-03,68,1,99,3
2547,2023-07-14,200,1,31,2
2548,2023-02-27,183,4,4,2
2549,2023-08-14,282,3,44,5
2550,2023-09-15,262,3,61,2
2551,2023-04-19,194,1,25,1
2552,2023-05-16,110,3,38,2
2553,2023-01-05,3,2,60,2
2554,2023-06-22,180,2,78,2
2555,2023-02-14,130,3,48,4
2556,2023-01-12,225,5,85,3
2557,2023-02-01,39,3,69,4
2558,2023-12-29,157,3,86,4
2559,2023-03-15,279,3,88,3
2560,2023-10-02,261,3,85,2
2561,2023-10-15,113,4,39,4
2562,2023-10-26,276,3,2,5
2563,2024-02-22,71,5,47,2
2564,2023-01-26,287,4,51,3
2565,2024-05-05,34,2,32,4
2566,2023-10-28,170,5,7,4
2567,2023-10-28,140,5,63,3
2568,2024-05-14,87,4,39,5
2569,2023-10-05,183,1,12,1
2570,2024-08-21,26,1,31,2
2571,2024-03-24,43,3,34,2
2572,2024-04-21,208,1,20,3
2573,2023-12-06,46,3,54,4
2574,2024-08-21,58,2,49,4
2575,2023-11-20,38,3,78,3
2576,2023-01-03,61,4,83,1
2577,2023-07-26,136,2,58,2
2578,2023-09-24,189,5,36,4
2579,2023-10-29,9,2,57,4
2580,2023-11-15,24,5,100,2
2581,2024-05-02,197,1,16,5
2582,2023-04-18,89,4,19,3
2583,2023-12-12,217,3,35,2
2584,2023-07-08,61,1,54,5
2585,2024-03-26,56,2,32,5
2586,2024-01-27,164,5,28,5
2587,2023-08-27,77,2,9,4
2588,2023-01-13,106,2,75,1
2589,2023-01-09,7,5,2,1
2590,2023-10-21,234,5,84,1
2591,2023-12-29,19,3,34,4
2592,2023-11-11,246,5,65,2
2593,2023-03-10,105,4,96,1
2594,2023-06-09,106,3,43,3
2595,2024-02-26,129,2,55,4
2596,2024-02-06,223,4,87,3
2597,2023-04-27,52,3,34,4
2598,2024-07-29,35,3,42,3
2599,2023-10-26,116,4,50,2
2600,2024-05-12,170,5,95,2
2601,2024-05-12,248,2,9,4
2602,2023-11-14,162,2,85,3
2603,2024-04-19,159,3,13,5
2604,2023-12-01,233,3,28,3
2605,2023-08-30,110,1,94,2
2606,2023-11-19,168,2,68,5
2607,2023-05-16,259,5,92,3
2608,2024-03-04,85,2,73,1
2609,2023-12-23,58,2,45,5
2610,2023-01-07,196,1,64,2
2611,2024-05-27,93,2,75,3
2612,2023-10-10,289,5,35,3
2613,2024-05-13,163,4,88,5
2614,2023-12-05,167,4,53,2
2615,2023-05-28,80,3,2,1
2616,2024-01-16,196,2,18,1
2617,2024-03-02,62,3,99,4
2618,2023-08-14,257,4,18,2
2619,2024-06-16,79,3,29,3
2620,2024-01-17,298,5,32,4
2621,2023-10-31,263,1,55,2
2622,2024-01-11,257,2,28,1
2623,2024-06-26,235,5,24,4
2624,2024-05-07,251,4,28,5
2625,2023-12-21,148,4,89,4
2626,2024-03-15,273,4,100,4
2627,2024-07-11,169,1,1,4
2628,2024-06-01,24,2,98,2
2629,2023-07-12,167,3,81,5
2630,2024-06-09,58,5,89,1
2631,2023-03-31,141,5,93,2
2632,2023-06-05,244,2,7,5
2633,2023-05-10,194,5,44,2
2634,2023-11-23,3,1,34,3
2635,2023-03-02,54,3,50,4
2636,2023-02-06,192,1,65,5
2637,2023-10-20,124,1,47,5
2638,2024-05-27,143,4,72,2
2639,2024-07-26,103,3,41,1
2640,2024-04-03,237,4,4,5
2641,2023-07-24,115,5,26,5
2642,2023-08-13,62,2,50,2
2643,2023-07-03,65,5,85,4
2644,2024-05-28,230,1,53,4
2645,2023-05-21,146,2,20,1
2646,2023-10-15,222,1,20,4
2647,2023-07-28,172,1,23,5
2648,2024-03-20,263,1,66,3
2649,2023-01-26,12,1,21,5
2650,2023-11-13,157,1,93,2
2651,2023-06-06,156,2,29,2
2652,2023-06-17,202,4,59,1
2653,2024-07-03,285,1,6,5
2654,2023-11-09,285,1,87,3
2655,2023-08-12,107,2,100,2
2656,2024-01-05,14,4,91,4
2657,2023-03-29,140,2,67,4
2658,2023-05-29,175,4,81,1
2659,2023-03-07,16,3,43,5
2660,2023-05-28,270,4,98,5
2661,2024-08-10,206,5,68,2
2662,2023-09-21,151,2,33,3
2663,2023-10-21,278,4,98,3
2664,2023-07-07,179,4,60,1
2665,2023-03-06,33,2,44,4
2666,2023-11-28,54,5,86,1
2667,2024-04-20,24,4,56,5
2668,2023-03-16,146,4,16,4
2669,2023-06-07,155,2,62,4
2670,2023-06-06,205,5,4,2
2671,2024-03-02,2,4,26,5
2672,2023-02-15,71,1,70,2
2673,2024-07-28,125,5,35,5
2674,2024-08-04,130,5,30,2
2675,2023-02-19,67,1,99,4
2676,2023-10-09,65,1,85,4
2677,2023-06-29,42,5,61,5
2678,2023-01-31,209,5,35,5
2679,2023-07-20,252,1,47,5
2680,2023-01-24,208,2,8,2
2681,2023-02-22,133,4,10,4
2682,2023-01-31,154,5,98,2
2683,2023-12-12,246,3,55,3
2684,2023-05-11,180,1,45,2
2685,2023-09-17,45,1,15,4
2686,2024-01-22,130,4,53,4
2687,2024-02-05,287,5,93,3
2688,2023-06-17,102,3,1,5
2689,2023-05-30,49,5,8,3
2690,2023-08-03,186,3,56,4
2691,2024-05-04,36,2,79,2
2692,2023-08-26,254,1,14,2
2693,2024-05-28,136,3,31,5
2694,2023-06-04,17,2,64,4
2695,2023-06-23,219,4,1,2
2696,2023-07-26,111,3,41,3
2697,2024-01-22,26,3,25,4
2698,2024-06-14,125,3,80,5
2699,2024-06-29,44,3,17,2
2700,2024-07-02,101,1,93,2
2701,2023-07-15,220,4,56,1
2702,2023-09-27,152,5,51,4
2703,2024-06-28,224,5,56,2
2704,2023-02-03,97,2,25,2
2705,2024-02-14,67,2,42,4
2706,2023-02-17,132,3,6,4
2707,2023-02-27,108,4,52,4
2708,2024-04-28,27,4,74,4
2709,2024-05-25,299,5,84,5
2710,2024-01-13,268,4,100,1
2711,2024-07-26,208,1,16,4
2712,2024-02-07,84,2,45,5
2713,2023-11-24,24,3,63,4
2714,2023-07-09,79,3,25,2
2715,2023-04-16,152,2,89,1
2716,2023-07-18,127,5,54,2
2717,2024-02-24,226,5,63,3
2718,2023-04-30,176,5,92,1
2719,2023-05-26,136,1,62,3
2720,2024-02-20,186,2,16,5
2721,2024-05-08,161,2,40,1
2722,2024-03-16,182,5,59,5
2723,2024-04-22,252,4,24,2
2724,2024-06-29,24,1,23,5
2725,2024-05-28,24,1,17,1
2726,2024-02-24,201,3,53,1
2727,2024-04-12,247,2,19,3
2728,2023-07-10,259,2,20,5
2729,2023-10-02,74,4,3,2
2730,2023-05-27,21,3,37,5
2731,2024-07-16,2,2,39,4
2732,2024-08-20,171,4,24,1
2733,2023-07-20,251,2,42,5
2734,2023-07-21,241,1,86,2
2735,2023-10-29,257,2,65,4
2736,2024-03-09,44,3,66,1
2737,2023-11-30,260,2,70,5
2738,2023-07-23,236,2,52,2
2739,2024-07-17,49,5,45,2
2740,2024-01-20,236,4,96,4
2741,2024-01-22,26,5,97,1
2742,2023-10-17,1,3,75,3
2743,2024-03-28,156,4,18,3
2744,2023-12-29,123,4,99,4
2745,2023-09-05,157,4,11,3
2746,2023-10-11,159,2,44,3
2747,2023-09-01,8,1,14,5
2748,2023-03-22,37,3,55,2
2749,2024-04-15,266,2,14,4
2750,2023-02-02,196,4,86,5
2751,2023-02-13,265,5,79,1
2752,2024-01-28,210,3,48,3
2753,2023-12-10,240,3,10,2
2754,2024-07-09,17,5,99,5
2755,2024-01-18,276,1,65,5
2756,2023-08-26,152,2,38,5
2757,2023-03-29,125,5,100,5
2758,2024-04-02,141,4,47,2
2759,2023-05-31,83,1,30,4
2760,2024-04-02,68,5,98,4
2761,2023-10-14,265,4,97,2
2762,2023-03-26,31,2,33,3
2763,2024-05-23,108,1,100,1
2764,2023-05-20,278,3,1,2
2765,2024-04-21,208,1,15,3
2766,2023-08-18,267,3,8,3
2767,2024-07-19,73,1,42,5
2768,2023-05-25,104,2,52,4
2769,2023-03-26,28,1,54,3
2770,2023-07-22,59,2,26,5
2771,2023-03-03,82,4,21,3
2772,2024-06-01,168,3,4,3
2773,2024-06-08,214,1,94,4
2774,2024-07-15,222,5,41,5
2775,2024-07-19,280,1,35,5
2776,2023-09-02,44,4,28,5
2777,2023-01-04,206,2,26,3
2778,2024-06-20,187,3,88,2
2779,2023-05-11,244,2,68,5
2780,2024-03-07,29,5,5,3
2781,2023-04-06,116,2,100,2
2782,2023-10-15,69,3,53,5
2783,2024-05-04,22,1,88,5
2784,2024-04-01,114,1,57,1
2785,2023-05-06,268,4,25,3
2786,2024-04-21,28,5,44,1
2787,2023-05-25,244,3,46,4
2788,2023-10-19,198,3,54,2
2789,2023-11-17,239,1,20,5
2790,2023-04-16,253,2,26,4
2791,2023-09-04,52,1,28,1
2792,2023-08-13,169,5,27,4
2793,2024-04-26,216,5,6,4
2794,2023-04-07,147,2,75,2
2795,2023-11-24,39,3,74,1
2796,2024-01-19,98,4,23,3
2797,2024-06-10,207,2,48,5
2798,2023-10-02,28,2,74,2
2799,2023-09-09,68,1,31,4
2800,2023-04-15,72,4,69,4
2801,2023-06-02,244,5,18,5
2802,2024-08-18,247,2,50,4
2803,2024-07-11,264,1,63,3
2804,2024-04-13,214,2,11,5
2805,2023-02-01,95,1,82,5
2806,2024-04-01,191,4,80,1
2807,2023-03-30,178,1,81,5
2808,2023-02-22,101,5,74,1
2809,2023-02-28,216,2,69,3
2810,2023-06-04,288,5,2,5
2811,2023-08-01,114,3,75,1
2812,2024-02-24,117,2,54,2
2813,2023-02-10,5,5,42,3
2814,2024-05-16,190,3,66,2
2815,2024-05-08,206,5,7,5
2816,2023-04-22,78,5,1,5
2817,2023-08-28,32,1,68,5
2818,2023-01-08,160,2,53,1
2819,2023-02-06,81,3,53,5
2820,2023-08-09,10,5,88,2
2821,2024-06-30,87,4,49,4
2822,2023-01-26,160,2,99,2
2823,2023-05-17,281,4,36,1
2824,2024-06-06,52,2,89,5
2825,2023-08-02,110,2,99,1
2826,2024-08-23,231,3,14,5
2827,2024-02-25,197,3,72,5
2828,2023-04-03,190,2,21,5
2829,2023-09-17,64,3,57,2
2830,2024-02-16,261,1,99,2
2831,2023-11-22,269,4,74,3
2832,2023-07-20,260,1,99,4
2833,2023-04-12,119,3,74,1
2834,2023-07-13,34,4,86,4
2835,2023-11-10,2,4,9,3
2836,2024-04-02,290,1,96,4
2837,2024-08-21,124,4,57,4
2838,2024-08-04,73,1,91,1
2839,2024-05-12,166,5,71,5
2840,2023-10-09,130,4,91,1
2841,2023-08-07,209,3,4,2
2842,2023-01-10,83,5,87,3
2843,2023-12-02,220,5,78,4
2844,2023-08-14,259,4,37,2
2845,2024-06-03,295,1,59,2
2846,2023-09-28,94,2,68,5
2847,2023-07-18,160,5,77,5
2848,2023-08-01,31,5,18,1
2849,2023-02-13,65,4,95,4
2850,2023-10-12,85,2,47,2
2851,2023-07-21,194,4,21,4
2852,2024-07-14,228,4,86,3
2853,2023-01-01,272,3,11,4
2854,2024-03-23,179,2,50,4
2855,2023-01-12,209,2,28,2
2856,2024-01-10,32,4,87,5
2857,2023-04-16,2,4,68,2
2858,2023-01-11,117,2,58,5
2859,2024-04-03,156,1,37,2
2860,2023-11-28,195,2,86,1
2861,2023-01-10,177,4,53,4
2862,2024-03-26,196,3,25,2
2863,2024-05-30,6,2,72,3
2864,2023-07-03,185,5,18,5
2865,2024-04-23,123,3,18,1
2866,2024-06-14,88,5,35,1
2867,2023-07-25,155,4,81,5
2868,2023-01-21,149,1,25,4
2869,2023-11-06,144,5,97,5
2870,2023-11-28,37,2,16,3
2871,2023-02-25,83,4,72,5
2872,2023-06-05,86,1,58,4
2873,2023-07-24,297,4,49,2
2874,2023-07-16,295,1,17,1
2875,2023-09-11,156,1,22,3
2876,2024-06-16,239,1,41,2
2877,2023-04-11,48,2,65,3
2878,2024-02-24,61,1,5,1
2879,2024-02-19,199,3,82,3
2880,2023-03-01,150,1,9,5
2881,2023-06-19,229,3,20,2
2882,2023-11-16,190,4,61,1
2883,2024-07-13,53,4,75,5
2884,2024-08-08,15,2,50,5
2885,2024-06-03,44,2,86,4
2886,2024-07-09,211,2,72,1
2887,2024-06-30,67,1,82,1
2888,2023-07-27,30,1,40,3
2889,2023-01-06,71,3,83,3
2890,2023-01-12,62,4,10,4
2891,2023-03-22,72,4,2,3
2892,2023-11-26,74,4,25,2
2893,2023-08-10,16,1,47,3
2894,2024-01-02,14,4,67,5
2895,2024-06-17,24,2,36,1
2896,2024-02-23,93,4,61,5
2897,2024-07-11,52,5,56,4
2898,2023-10-22,18,5,2,1
2899,2023-01-10,293,2,14,3
2900,2023-10-09,290,5,51,5
2901,2024-02-13,298,3,54,2
2902,2024-06-27,194,2,47,5
2903,2023-09-30,2,1,10,3
2904,2023-11-18,229,3,38,4
2905,2023-10-19,227,4,44,1
2906,2023-05-23,260,3,86,1
2907,2024-06-07,226,1,11,1
2908,2024-08-13,177,1,78,2
2909,2023-08-13,148,2,99,1
2910,2023-09-05,275,1,89,2
2911,2023-10-05,247,1,70,3
2912,2023-07-15,245,2,31,1
2913,2023-09-08,280,1,75,3
2914,2024-01-14,182,5,39,5
2915,2024-02-09,280,1,16,1
2916,2023-09-08,271,3,67,1
2917,2024-07-12,268,1,28,4
2918,2023-12-27,184,4,45,2
2919,2023-04-28,31,2,34,2
2920,2024-05-09,171,1,71,2
2921,2023-07-25,283,5,95,2
2922,2023-05-19,65,5,86,4
2923,2024-03-08,293,3,52,1
2924,2023-02-28,142,1,66,2
2925,2023-08-27,153,5,63,3
2926,2023-07-25,102,1,52,5
2927,2023-12-23,157,1,32,4
2928,2023-05-10,214,5,98,2
2929,2023-03-24,114,5,22,4
2930,2024-05-24,207,3,71,4
2931,2023-09-07,141,2,79,2
2932,2023-05-10,271,1,88,4
2933,2023-03-04,23,5,65,2
2934,2023-04-15,225,5,6,3
2935,2023-04-06,296,1,40,2
2936,2024-02-17,7,2,26,3
2937,2024-01-12,167,3,14,3
2938,2024-02-29,248,1,18,4
2939,2024-04-18,35,2,55,4
2940,2023-11-18,173,1,22,4
2941,2023-12-11,56,4,53,5
2942,2023-11-19,140,2,88,4
2943,2023-08-12,24,4,69,4
2944,2024-01-13,84,3,36,2
2945,2023-04-09,177,5,41,5
2946,2023-04-07,33,4,85,4
2947,2024-03-24,15,3,7,5
2948,2023-07-19,69,4,84,3
2949,2024-07-24,245,5,75,1
2950,2023-07-03,289,4,66,1
2951,2024-02-24,168,5,95,5
2952,2023-07-05,138,5,89,4
2953,2023-11-28,69,1,3,3
2954,2023-08-13,108,1,90,4
2955,2024-01-31,52,1,31,2
2956,2023-11-27,104,3,11,1
2957,2024-02-28,123,1,3,5
2958,2024-08-20,43,1,53,1
2959,2023-12-26,97,2,11,2
2960,2024-01-05,56,4,69,4
2961,2023-09-10,117,3,23,2
2962,2024-03-11,275,1,59,3
2963,2023-09-16,78,1,97,4
2964,2024-05-18,264,3,19,1
2965,2023-08-06,113,2,3,3
2966,2023-06-21,121,4,79,3
2967,2023-07-04,282,5,60,2
2968,2023-01-04,106,3,37,1
2969,2023-04-26,211,1,64,2
2970,2023-11-17,220,1,75,2
2971,2023-12-16,120,4,75,5
2972,2024-07-07,207,4,2,1
2973,2023-07-16,295,4,44,3
2974,2024-07-27,276,5,67,3
2975,2023-11-09,32,3,65,5
2976,2024-01-26,185,5,18,3
2977,2023-05-02,217,3,38,3
2978,2023-01-23,67,5,73,1
2979,2023-03-31,214,5,31,1
2980,2024-06-21,109,1,82,1
2981,2023-10-05,271,5,94,4
2982,2024-04-15,15,5,32,4
2983,2023-06-29,66,5,89,2
2984,2024-04-22,12,3,100,3
2985,2024-07-26,219,3,13,1
2986,2023-03-07,264,4,60,5
2987,2024-04-03,89,1,59,3
2988,2023-03-24,211,1,21,5
2989,2023-05-24,230,3,58,2
2990,2023-10-04,152,1,22,3
2991,2024-06-24,187,2,25,5
2992,2023-08-01,238,3,92,4
2993,2023-06-06,99,5,92,3
2994,2023-04-19,44,2,20,3
2995,2023-06-26,229,2,56,5
2996,2023-02-06,39,4,53,5
2997,2024-08-19,300,2,4,5
2998,2023-07-14,146,1,95,4
2999,2024-07-12,54,2,43,1
3000,2024-03-19,70,2,38,4
3001,2023-11-20,104,4,24,4
3002,2023-06-19,11,1,27,3
3003,2023-10-16,37,5,88,2
3004,2024-06-07,207,5,79,5
3005,2023-09-11,82,1,97,5
3006,2024-04-22,151,4,57,5
3007,2024-03-05,109,5,73,1
3008,2024-07-14,276,5,71,5
3009,2024-06-27,137,2,49,2
3010,2024-03-19,224,4,45,3
3011,2024-01-07,236,3,90,1
3012,2024-02-11,285,5,18,5
3013,2023-12-01,250,4,100,2
3014,2023-08-26,201,4,79,4
3015,2023-08-10,129,4,19,5
3016,2023-07-13,126,4,20,3
3017,2023-08-09,139,4,29,5
3018,2023-10-05,46,2,40,4
3019,2023-08-11,130,3,9,5
3020,2023-03-26,281,4,8,2
3021,2024-04-11,204,1,74,5
3022,2023-11-18,97,1,81,5
3023,2023-06-07,64,3,34,4
3024,2024-01-22,285,2,27,1
3025,2023-12-16,200,5,15,5
3026,2024-06-24,28,5,40,3
3027,2024-06-29,13,2,76,5
3028,2024-01-06,223,3,40,1
3029,2023-11-07,132,4,80,3
3030,2023-03-08,281,3,27,4
3031,2023-05-28,223,4,25,4
3032,2023-10-03,292,3,21,5
3033,2024-04-16,180,2,61,1
3034,2023-01-25,14,4,92,5
3035,2023-08-19,50,2,35,1
3036,2024-08-19,73,2,18,3
3037,2023-12-27,84,3,26,2
3038,2023-11-05,54,5,43,1
3039,2023-04-16,154,1,48,5
3040,2023-01-16,79,4,80,5
3041,2023-12-08,216,2,16,3
3042,2024-05-12,185,4,19,3
3043,2023-06-23,118,3,6,4
3044,2023-10-01,52,2,33,5
3045,2024-05-23,9,1,50,2
3046,2023-04-25,243,5,4,3
3047,2023-03-06,137,3,7,5
3048,2024-03-25,184,5,89,4
3049,2023-02-25,194,1,4,5
3050,2024-04-06,215,1,14,2
3051,2023-01-20,38,3,72,2
3052,2024-01-12,215,4,24,4
3053,2023-08-28,123,5,66,4
3054,2023-02-22,168,2,31,4
3055,2024-01-18,273,2,81,3
3056,2023-01-28,98,2,97,3
3057,2023-06-05,109,4,24,4
3058,2024-07-05,247,4,9,1
3059,2023-08-14,55,1,60,5
3060,2023-01-08,81,2,30,5
3061,2023-05-05,100,1,21,3
3062,2023-05-20,66,4,57,1
3063,2023-05-11,145,1,48,1
3064,2023-09-21,173,5,84,1
3065,2024-07-09,238,3,11,2
3066,2024-03-26,132,2,34,5
3067,2023-07-02,145,1,72,3
3068,2023-04-06,235,2,26,1
3069,2023-07-26,240,5,38,2
3070,2024-01-21,286,5,29,1
3071,2023-05-04,74,1,29,2
3072,2023-07-18,219,4,81,3
3073,2024-02-01,284,4,29,2
3074,2024-06-27,203,2,32,2
3075,2023-02-03,51,4,76,5
3076,2023-07-28,162,1,24,4
3077,2023-10-31,172,2,75,3
3078,2023-10-22,2,1,100,5
3079,2024-07-04,207,3,97,4
3080,2023-09-25,65,3,20,3
3081,2023-11-08,111,3,43,3
3082,2024-05-31,86,4,53,4
3083,2023-10-16,118,5,74,2
3084,2023-03-29,278,5,11,1
3085,2023-07-27,233,5,16,4
3086,2023-09-23,145,2,61,3
3087,2023-06-08,82,5,34,4
3088,2024-03-18,212,4,30,5
3089,2024-02-01,22,2,9,3
3090,2023-06-02,183,3,32,3
3091,2023-08-06,298,2,90,5
3092,2024-06-04,104,4,96,1
3093,2024-02-27,50,1,25,4
3094,2023-01-27,191,1,42,3
3095,2023-09-17,214,2,46,2
3096,2023-03-29,288,2,42,1
3097,2024-07-09,97,3,30,4
3098,2023-09-16,230,5,75,5
3099,2023-08-13,203,1,95,2
3100,2024-01-10,7,4,18,2
3101,2024-02-11,60,1,26,5
3102,2023-02-10,75,1,100,5
3103,2023-07-02,55,4,5,2
3104,2023-05-22,56,1,95,5
3105,2023-03-09,37,5,12,3
3106,2024-03-09,141,3,66,5
3107,2023-12-11,108,4,8,5
3108,2023-08-30,75,2,72,1
3109,2024-01-25,58,1,14,4
3110,2024-06-06,231,3,52,5
3111,2023-04-18,20,5,87,2
3112,2023-01-09,160,2,45,5
3113,2023-12-26,190,4,79,5
3114,2023-11-30,231,1,72,5
3115,2023-05-16,289,1,33,1
3116,2023-04-29,162,4,41,2
3117,2024-04-14,275,5,42,1
3118,2023-07-15,146,3,59,4
3119,2023-05-14,58,3,43,4
3120,2024-02-06,93,2,63,4
3121,2024-02-03,131,2,63,2
3122,2023-01-07,221,5,100,1
3123,2023-11-02,85,5,38,1
3124,2024-02-06,161,5,27,4
3125,2024-07-09,239,2,36,3
3126,2024-03-13,270,4,53,3
3127,2023-01-30,50,1,23,1
3128,2023-06-19,67,1,50,1
3129,2023-01-14,153,4,43,3
3130,2023-06-28,299,5,66,4
3131,2024-04-06,208,1,53,1
3132,2023-05-16,40,5,62,3
3133,2024-03-06,156,4,54,1
3134,2023-06-16,33,4,49,4
3135,2024-05-03,246,3,95,2
3136,2024-02-16,267,5,34,3
3137,2023-06-22,122,1,95,1
3138,2023-09-27,256,5,34,4
3139,2024-08-12,156,5,17,5
3140,2023-06-02,187,4,31,2
3141,2023-05-07,239,4,100,1
3142,2024-02-17,44,5,24,2
3143,2024-01-13,50,2,29,1
3144,2024-05-31,33,3,15,4
3145,2023-01-20,284,1,76,1
3146,2023-10-14,104,3,16,4
3147,2023-03-20,198,3,41,1
3148,2024-05-19,237,2,47,4
3149,2024-02-17,107,3,17,1
3150,2023-12-27,204,4,33,1
3151,2024-01-31,24,2,98,3
3152,2023-01-06,165,5,35,5
3153,2023-05-31,147,3,80,4
3154,2023-08-29,140,5,40,1
3155,2023-09-30,90,1,39,1
3156,2024-03-23,191,4,86,2
3157,2023-03-16,240,3,70,3
3158,2024-07-16,94,1,85,5
3159,2023-10-13,142,4,21,1
3160,2023-05-24,24,3,88,2
3161,2024-05-12,147,4,87,2
3162,2024-05-20,26,5,73,2
3163,2024-02-22,122,3,4,5
3164,2024-06-15,124,4,43,5
3165,2023-03-31,291,1,19,2
3166,2024-08-19,200,3,78,4
3167,2023-06-05,264,5,56,5
3168,2023-02-01,215,3,93,4
3169,2023-01-28,227,3,72,2
3170,2024-08-06,289,2,9,1
3171,2023-04-23,55,4,74,5
3172,2023-01-11,23,1,12,3
3173,2023-12-10,207,1,31,5
3174,2023-02-17,135,1,57,5
3175,2023-03-29,48,3,79,3
3176,2024-05-23,175,1,12,4
3177,2023-05-04,242,5,98,4
3178,2024-04-17,58,3,63,1
3179,2023-11-29,109,2,10,5
3180,2023-10-13,235,3,69,4
3181,2023-09-13,157,3,59,5
3182,2023-10-13,120,3,14,1
3183,2024-03-09,47,1,64,1
3184,2023-07-17,81,5,60,2
3185,2023-02-02,231,5,89,4
3186,2024-01-05,183,5,74,4
3187,2023-02-03,93,5,53,3
3188,2024-03-11,252,5,64,5
3189,2024-05-24,265,3,1,1
3190,2023-03-03,180,3,44,4
3191,2023-07-07,176,2,80,2
3192,2023-08-31,167,2,9,5
3193,2023-04-05,56,1,92,1
3194,2024-07-22,167,3,91,4
3195,2024-06-08,285,2,41,1
3196,2024-03-26,58,4,91,4
3197,2023-06-20,107,3,21,5
3198,2023-10-06,118,1,61,2
3199,2023-05-20,288,5,95,2
3200,2023-02-03,61,1,2,2
3201,2023-06-20,272,1,56,4
3202,2023-04-13,155,2,44,2
3203,2023-08-15,82,2,21,3
3204,2023-02-24,290,5,85,2
3205,2023-06-10,86,4,35,4
3206,2024-06-11,86,5,74,1
3207,2023-01-26,229,4,81,4
3208,2023-01-28,249,2,63,5
3209,2023-11-04,118,2,12,1
3210,2024-04-05,283,2,96,1
3211,2024-02-02,194,1,47,3
3212,2023-04-10,35,2,86,1
3213,2023-07-26,300,3,17,5
3214,2023-06-07,161,5,81,5
3215,2023-02-20,191,4,28,1
3216,2023-05-26,208,4,58,1
3217,2023-07-04,233,2,38,4
3218,2023-06-19,229,1,14,1
3219,2024-07-28,282,1,7,5
3220,2024-04-13,38,3,5,5
3221,2024-07-30,91,3,34,2
3222,2023-07-30,20,2,81,1
3223,2024-03-31,73,5,26,2
3224,2023-05-18,32,4,18,4
3225,2024-03-27,192,4,49,4
3226,2024-05-02,76,4,2,1
3227,2024-07-18,30,1,44,3
3228,2023-08-29,156,4,52,3
3229,2024-01-12,289,3,42,4
3230,2023-08-15,119,5,75,3
3231,2024-01-17,287,1,55,3
3232,2023-03-09,220,4,98,4
3233,2023-12-20,155,4,16,1
3234,2024-03-18,266,3,51,1
3235,2024-05-08,83,3,94,3
3236,2023-03-31,284,1,93,2
3237,2023-12-31,192,4,16,4
3238,2023-09-19,130,3,45,5
3239,2024-04-19,130,5,28,3
3240,2023-12-28,215,5,4,5
3241,2023-09-07,265,4,6,3
3242,2023-02-11,18,5,15,3
3243,2023-11-05,128,3,22,4
3244,2023-04-18,212,3,37,4
3245,2023-02-27,146,2,73,1
3246,2024-02-01,198,3,17,3
3247,2024-03-08,2,5,39,2
3248,2023-02-17,212,2,84,5
3249,2023-09-26,195,3,30,3
3250,2023-05-17,113,5,26,5
3251,2024-07-02,113,1,93,1
3252,2023-08-07,250,3,61,5
3253,2023-03-27,73,1,55,2
3254,2024-02-17,107,4,76,4
3255,2024-02-18,242,4,53,4
3256,2024-08-12,145,4,62,4
3257,2024-06-07,251,5,50,5
3258,2023-10-30,46,5,49,5
3259,2023-12-13,294,3,16,3
3260,2024-08-09,82,5,2,1
3261,2024-07-27,86,1,26,3
3262,2023-08-31,221,2,20,2
3263,2023-10-30,262,4,42,1
3264,2023-12-14,220,3,7,3
3265,2023-06-09,100,3,64,5
3266,2023-09-06,10,5,8,2
3267,2023-01-26,296,2,53,4
3268,2024-05-27,242,1,75,2
3269,2023-03-29,190,2,87,5
3270,2023-05-20,114,3,77,5
3271,2023-06-03,216,3,55,2
3272,2024-08-09,263,3,89,4
3273,2023-06-26,277,2,35,4
3274,2023-12-19,95,3,67,5
3275,2023-07-08,95,2,44,1
3276,2023-08-15,215,4,90,1
3277,2024-01-03,18,1,49,2
3278,2023-12-07,138,5,29,3
3279,2024-04-24,135,4,100,1
3280,2024-06-22,12,3,70,2
3281,2023-05-21,143,3,79,3
3282,2024-08-12,202,3,59,5
3283,2023-05-18,120,1,75,3
3284,2023-11-11,214,4,57,5
3285,2023-03-11,194,5,97,5
3286,2023-03-01,125,2,56,1
3287,2024-06-07,110,3,66,2
3288,2023-09-06,293,1,5,1
3289,2023-06-01,23,3,32,4
3290,2023-01-20,235,3,34,2
3291,2023-04-16,164,2,86,2
3292,2023-09-01,42,1,60,5
3293,2024-07-24,116,3,49,5
3294,2023-02-05,262,3,8,5
3295,2023-04-12,31,5,34,2
3296,2024-05-22,60,2,48,3
3297,2024-04-26,126,2,34,4
3298,2023-10-13,259,2,99,2
3299,2023-08-29,169,2,49,4
3300,2023-06-27,183,3,78,3
3301,2024-08-10,14,5,89,4
3302,2023-03-18,278,5,37,2
3303,2024-02-03,250,5,41,5
3304,2023-01-31,283,1,28,2
3305,2024-05-30,89,5,82,3
3306,2023-08-16,128,2,31,2
3307,2024-06-01,296,5,45,3
3308,2024-03-08,218,1,10,4
3309,2023-12-30,28,3,87,5
3310,2023-05-23,85,5,54,2
3311,2023-02-04,10,1,28,3
3312,2024-08-12,118,5,65,4
3313,2024-04-24,56,3,90,2
3314,2023-04-30,121,4,30,2
3315,2023-09-07,30,1,59,1
3316,2024-07-14,237,2,63,5
3317,2023-06-05,128,1,75,2
3318,2024-05-22,279,1,53,5
3319,2024-01-01,9,4,13,1
3320,2024-01-31,222,5,92,3
3321,2024-02-02,49,4,75,2
3322,2023-08-10,187,4,78,3
3323,2024-06-22,252,5,86,5
3324,2023-06-02,99,3,53,4
3325,2023-03-24,52,4,1,2
3326,2023-08-05,28,5,70,4
3327,2023-05-24,92,2,87,4
3328,2024-04-05,37,1,74,1
3329,2024-04-30,109,1,77,1
3330,2024-05-27,276,1,20,2
3331,2024-06-08,67,2,71,5
3332,2023-11-12,10,3,33,5
3333,2023-09-24,205,3,3,4
3334,2024-05-23,216,1,33,5
3335,2024-04-06,278,5,90,3
3336,2024-06-20,106,1,10,5
3337,2023-09-26,166,2,82,4
3338,2024-04-07,42,3,28,3
3339,2023-06-03,8,1,57,4
3340,2023-03-12,271,2,2,3
3341,2023-06-07,149,5,16,5
3342,2023-02-05,274,3,27,1
3343,2023-10-22,164,4,26,4
3344,2023-05-04,120,2,84,4
3345,2023-01-27,212,1,43,4
3346,2023-12-26,148,1,17,1
3347,2023-08-24,5,1,30,4
3348,2023-08-05,18,3,30,2
3349,2023-01-21,99,4,19,4
3350,2024-05-10,253,1,85,2
3351,2024-01-14,84,3,9,4
3352,2024-01-18,127,4,78,4
3353,2024-04-15,162,1,4,2
3354,2024-02-21,207,3,5,1
3355,2024-03-13,133,3,52,5
3356,2023-04-10,30,3,39,1
3357,2024-03-22,200,4,89,5
3358,2024-02-25,51,5,31,3
3359,2023-09-08,25,3,17,2
3360,2023-02-20,19,2,23,4
3361,2023-03-04,252,4,19,3
3362,2023-06-23,105,1,84,1
3363,2024-03-06,129,1,50,4
3364,2024-03-18,88,1,83,5
3365,2023-04-11,86,1,45,1
3366,2023-05-08,217,2,78,1
3367,2024-07-21,178,5,36,3
3368,2023-08-12,172,2,94,3
3369,2023-02-23,167,1,8,1
3370,2024-02-10,101,1,57,1
3371,2023-01-08,157,5,36,4
3372,2023-10-17,163,4,51,5
3373,2024-03-28,150,5,15,4
3374,2023-04-02,59,4,70,2
3375,2023-05-01,109,3,9,1
3376,2024-03-15,76,2,26,1
3377,2024-07-31,200,5,72,3
3378,2023-01-28,68,2,67,2
3379,2024-06-11,230,1,60,4
3380,2023-06-16,86,2,42,4
3381,2024-01-29,148,3,21,4
3382,2023-05-06,94,1,86,3
3383,2024-04-29,17,4,85,3
3384,2023-06-29,285,1,44,1
3385,2024-08-13,109,1,76,2
3386,2023-09-03,134,2,19,5
3387,2024-08-17,140,5,97,1
3388,2024-07-06,75,4,21,1
3389,2023-06-22,9,5,79,1
3390,2024-04-12,69,4,42,4
3391,2023-10-11,275,3,37,2
3392,2023-01-24,231,2,58,4
3393,2024-07-05,124,2,68,2
3394,2023-01-13,18,4,66,3
3395,2024-06-13,91,2,88,5
3396,2024-08-11,212,4,93,4
3397,2024-02-19,284,4,19,2
3398,2024-03-13,6,5,87,3
3399,2023-08-21,77,1,34,1
3400,2023-11-12,70,5,40,5
3401,2023-06-11,125,5,6,4
3402,2023-05-06,139,4,42,4
3403,2023-03-16,180,1,42,4
3404,2023-12-27,37,2,6,3
3405,2024-05-07,15,2,6,3
3406,2023-08-10,50,1,55,1
3407,2023-07-28,184,1,88,4
3408,2023-02-11,173,2,8,2
3409,2023-09-05,138,3,24,1
3410,2023-10-02,129,4,46,1
3411,2024-08-20,197,3,84,2
3412,2023-07-29,245,1,66,3
3413,2024-04-27,266,1,39,3
3414,2024-06-07,217,2,17,1
3415,2024-03-18,73,4,56,1
3416,2023-02-02,224,1,81,5
3417,2024-02-14,262,4,80,3
3418,2023-12-22,103,5,7,5
3419,2023-02-27,98,5,29,1
3420,2023-07-03,112,4,24,1
3421,2023-09-25,161,5,56,2
3422,2024-08-18,190,3,24,1
3423,2024-01-05,210,1,83,1
3424,2024-03-27,43,3,3,5
3425,2023-05-14,276,2,9,2
3426,2024-03-24,175,2,46,2
3427,2024-01-20,202,3,90,2
3428,2024-04-18,39,1,74,2
3429,2023-11-03,157,4,22,2
3430,2023-06-13,81,4,84,5
3431,2023-11-01,151,2,93,3
3432,2024-07-18,233,3,79,4
3433,2023-08-01,21,2,65,1
3434,2024-08-14,272,4,45,3
3435,2024-03-06,264,3,62,5
3436,2023-08-19,183,1,76,5
3437,2024-05-08,87,2,53,4
3438,2023-12-30,44,1,58,5
3439,2024-06-07,150,2,72,1
3440,2024-03-11,298,4,97,2
3441,2024-04-09,31,1,93,1
3442,2024-04-02,61,3,65,3
3443,2023-05-16,227,1,7,4
3444,2023-10-21,122,2,76,5
3445,2023-12-24,244,2,7,1
3446,2023-05-01,209,4,85,2
3447,2024-01-21,51,2,58,4
3448,2023-03-21,22,3,23,2
3449,2024-03-27,35,2,47,5
3450,2023-02-12,133,5,83,3
3451,2023-07-20,58,2,91,1
3452,2024-03-01,116,3,26,2
3453,2024-05-29,158,1,83,5
3454,2024-03-02,167,3,25,1
3455,2024-08-11,181,1,64,4
3456,2024-08-04,141,1,70,2
3457,2024-04-05,44,2,83,3
3458,2024-01-25,276,5,1,2
3459,2023-04-17,54,3,83,5
3460,2024-05-31,180,2,40,1
3461,2023-05-25,4,4,22,2
3462,2024-05-21,230,3,72,4
3463,2023-12-02,196,4,79,3
3464,2024-08-09,231,5,61,3
3465,2024-02-12,145,4,79,2
3466,2023-10-18,9,4,42,2
3467,2023-09-24,61,1,61,5
3468,2024-07-23,207,2,18,5
3469,2023-02-05,49,5,65,3
3470,2023-04-01,34,4,17,2
3471,2023-09-30,165,2,53,4
3472,2024-03-04,175,2,73,3
3473,2023-09-13,181,1,61,3
3474,2024-03-12,223,5,29,5
3475,2023-10-01,105,3,80,4
3476,2023-02-21,276,2,69,3
3477,2024-07-22,245,3,10,5
3478,2023-02-20,249,4,11,4
3479,2023-05-12,179,5,76,3
3480,2023-05-28,74,4,78,3
3481,2024-04-16,280,3,74,3
3482,2023-11-14,176,3,4,4
3483,2023-07-21,213,5,8,1
3484,2024-03-30,44,1,16,2
3485,2023-02-21,88,4,22,5
3486,2023-06-06,237,5,36,2
3487,2023-10-01,252,4,76,3
3488,2024-01-13,293,3,94,3
3489,2023-05-16,240,4,66,4
3490,2024-06-05,104,5,59,1
3491,2023-07-18,222,4,10,3
3492,2023-06-13,95,4,29,1
3493,2023-08-04,3,5,75,5
3494,2023-10-17,218,5,39,5
3495,2023-07-30,141,3,93,3
3496,2024-06-11,201,5,28,3
3497,2023-07-22,11,4,45,5
3498,2024-01-04,190,3,41,3
3499,2023-08-14,115,3,94,4
3500,2023-06-25,97,2,44,5
3501,2024-03-02,6,4,97,3
3502,2024-02-21,31,2,62,3
3503,2024-08-04,267,5,40,5
3504,2023-10-17,279,1,62,2
3505,2023-10-13,160,4,41,3
3506,2023-09-16,242,3,94,3
3507,2023-09-22,64,4,2,5
3508,2024-07-11,116,4,74,1
3509,2024-04-15,92,2,17,3
3510,2023-08-23,212,1,52,5
3511,2024-07-12,237,2,75,2
3512,2023-09-24,298,1,74,4
3513,2023-01-06,142,4,81,5
3514,2024-05-16,283,4,28,4
3515,2023-11-22,230,5,44,1
3516,2023-07-09,248,2,66,3
3517,2024-06-15,30,1,97,2
3518,2024-02-18,25,5,91,4
3519,2023-08-17,99,2,31,3
3520,2023-07-18,261,2,88,5
3521,2024-01-10,107,4,34,1
3522,2023-12-03,209,2,26,2
3523,2023-01-24,72,2,66,2
3524,2024-02-09,49,1,74,1
3525,2024-03-30,98,5,55,2
3526,2023-09-11,65,1,86,2
3527,2024-02-21,137,5,37,3
3528,2023-04-20,102,2,56,2
3529,2023-11-18,187,2,38,5
3530,2023-02-12,18,4,96,5
3531,2023-10-06,62,1,55,5
3532,2023-11-17,255,3,61,3
3533,2024-07-25,59,4,58,2
3534,2023-08-11,254,3,57,1
3535,2024-02-16,19,3,89,5
3536,2024-08-01,87,1,97,4
3537,2023-01-09,250,1,38,1
3538,2024-01-15,96,1,92,3
3539,2023-12-16,179,2,25,5
3540,2023-05-11,151,3,16,2
3541,2023-04-24,135,1,97,4
3542,2023-02-22,116,4,21,5
3543,2023-12-22,82,5,91,3
3544,2023-09-07,83,4,14,4
3545,2023-03-12,162,2,78,3
3546,2023-01-30,1,4,24,3
3547,2023-08-09,153,4,86,5
3548,2023-02-11,198,2,48,1
3549,2023-07-05,172,2,1,2
3550,2024-04-05,269,1,11,4
3551,2023-11-23,38,2,76,2
3552,2024-02-14,257,3,55,5
3553,2023-06-18,170,5,14,3
3554,2023-05-09,75,2,100,3
3555,2023-07-21,278,3,83,3
3556,2024-02-07,225,4,77,3
3557,2024-01-28,7,4,48,3
3558,2023-01-17,257,3,80,3
3559,2023-03-14,209,3,44,5
3560,2023-10-16,278,1,77,1
3561,2023-05-26,147,4,85,2
3562,2023-02-21,97,2,5,3
3563,2024-06-23,138,1,12,2
3564,2023-11-16,282,2,9,1
3565,2023-09-23,49,4,20,2
3566,2023-10-09,225,2,85,4
3567,2024-03-29,277,5,69,1
3568,2024-01-08,221,4,41,2
3569,2023-07-23,202,4,70,2
3570,2023-09-29,151,3,67,1
3571,2023-05-05,285,2,12,4
3572,2023-09-16,267,5,74,3
3573,2024-08-10,65,4,46,2
3574,2023-02-28,23,5,35,1
3575,2024-07-04,88,4,68,2
3576,2024-06-24,231,2,57,3
3577,2024-05-19,94,2,60,3
3578,2023-05-17,232,4,17,1
3579,2023-10-09,82,3,85,1
3580,2024-02-12,9,5,61,2
3581,2024-05-11,28,5,98,3
3582,2023-11-02,195,1,11,1
3583,2024-01-07,239,3,18,2
3584,2024-01-19,109,5,72,4
3585,2024-07-29,34,4,38,5
3586,2023-06-11,86,4,57,3
3587,2024-07-04,1,1,96,3
3588,2024-02-05,162,1,42,2
3589,2023-05-29,140,1,75,1
3590,2024-02-13,171,1,85,5
3591,2023-05-02,71,4,51,5
3592,2024-05-15,176,4,69,1
3593,2023-01-28,224,1,46,5
3594,2023-02-15,170,3,53,5
3595,2023-08-03,274,4,25,1
3596,2024-03-23,172,2,46,2
3597,2023-10-24,127,3,89,1
3598,2024-02-09,184,4,38,3
3599,2023-12-29,259,4,46,1
3600,2023-01-15,281,1,27,4
3601,2023-09-24,61,1,11,3
3602,2023-12-04,289,3,82,5
3603,2024-05-08,181,1,85,4
3604,2023-06-20,39,5,42,1
3605,2023-12-22,25,1,74,3
3606,2023-09-03,273,5,38,1
3607,2023-08-24,228,2,97,4
3608,2024-01-18,132,1,82,1
3609,2024-07-21,38,2,96,5
3610,2023-09-01,9,4,49,3
3611,2024-05-19,257,5,83,1
3612,2023-03-20,182,1,56,3
3613,2023-05-22,239,2,46,1
3614,2023-12-03,85,5,32,5
3615,2023-04-13,168,1,26,3
3616,2024-01-23,106,1,49,1
3617,2023-06-18,189,3,11,3
3618,2024-02-06,44,3,73,1
3619,2023-07-12,72,3,5,4
3620,2024-04-10,131,2,45,2
3621,2023-02-01,262,1,54,2
3622,2023-10-11,53,2,84,4
3623,2024-06-18,94,2,75,5
3624,2023-04-28,230,1,16,4
3625,2024-04-29,273,1,9,3
3626,2023-02-19,160,1,25,3
3627,2023-04-03,89,3,64,5
3628,2023-03-04,178,3,37,3
3629,2023-04-28,299,4,37,4
3630,2023-06-06,247,1,66,4
3631,2024-07-19,171,1,42,2
3632,2023-06-03,238,2,63,4
3633,2023-11-18,60,2,100,3
3634,2023-12-11,202,5,62,3
3635,2023-12-05,86,2,14,5
3636,2024-07-19,49,3,31,5
3637,2023-02-01,277,5,29,5
3638,2024-05-13,32,2,64,5
3639,2023-05-18,170,5,42,1
3640,2023-05-25,132,5,43,4
3641,2023-07-15,64,4,43,3
3642,2023-10-15,230,3,67,5
3643,2024-04-06,125,5,26,4
3644,2023-11-08,107,1,65,5
3645,2024-06-02,235,2,62,5
3646,2024-05-14,248,2,86,1
3647,2023-06-27,266,3,52,2
3648,2023-06-14,121,1,92,3
3649,2024-06-26,294,4,97,4
3650,2023-12-12,165,3,63,5
3651,2024-07-24,160,5,17,5
3652,2023-03-24,114,5,84,3
3653,2023-07-26,245,2,32,2
3654,2024-07-15,199,2,17,5
3655,2023-08-31,234,3,27,2
3656,2023-07-24,286,2,79,5
3657,2024-01-25,67,3,89,1
3658,2023-03-24,157,5,12,1
3659,2023-02-17,263,4,67,1
3660,2023-01-20,50,2,73,5
3661,2023-09-06,284,2,98,4
3662,2023-03-09,66,5,93,5
3663,2023-02-05,32,5,69,4
3664,2023-05-15,122,2,49,3
3665,2023-07-27,152,1,16,5
3666,2023-12-09,203,2,60,4
3667,2024-03-23,46,3,94,5
3668,2024-02-06,208,2,45,1
3669,2023-08-12,300,2,3,4
3670,2024-05-21,220,5,97,4
3671,2023-11-07,10,5,96,1
3672,2023-11-28,69,2,67,5
3673,2023-04-29,11,5,67,5
3674,2023-05-29,296,4,65,4
3675,2023-04-01,96,1,98,4
3676,2023-04-16,74,2,14,3
3677,2023-02-03,131,5,50,1
3678,2023-10-28,252,5,30,3
3679,2024-02-05,209,2,15,3
3680,2023-06-03,141,4,64,3
3681,2023-04-06,128,2,76,1
3682,2024-01-12,154,5,2,1
3683,2024-03-12,19,1,53,4
3684,2024-03-15,12,2,50,2
3685,2023-08-04,123,4,25,3
3686,2023-12-05,256,2,81,2
3687,2024-02-12,259,5,51,5
3688,2023-07-09,48,5,40,4
3689,2023-06-27,273,4,32,2
3690,2023-07-27,220,2,49,1
3691,2023-04-30,264,5,66,4
3692,2023-03-22,166,4,64,4
3693,2024-02-06,238,5,22,5
3694,2023-05-25,59,1,28,5
3695,2023-10-12,37,5,73,2
3696,2024-04-25,294,3,21,4
3697,2023-03-18,267,5,19,3
3698,2023-08-16,64,5,5,1
3699,2023-11-15,154,2,59,1
3700,2023-07-12,80,5,44,4
3701,2023-10-24,206,2,8,5
3702,2024-03-02,34,2,10,2
3703,2024-06-17,132,4,64,3
3704,2024-07-14,6,3,82,2
3705,2023-06-21,252,2,70,3
3706,2024-03-05,68,2,3,3
3707,2024-03-11,204,1,48,2
3708,2023-06-21,183,3,52,3
3709,2024-05-12,229,2,43,5
3710,2023-06-12,107,2,10,2
3711,2023-10-14,96,3,38,1
3712,2024-05-04,268,1,22,3
3713,2023-04-30,26,2,68,2
3714,2023-12-28,178,1,35,4
3715,2023-07-03,151,4,84,4
3716,2024-03-11,264,3,58,5
3717,2023-01-15,33,2,8,1
3718,2024-05-20,26,3,33,5
3719,2023-03-06,35,4,73,5
3720,2024-02-08,192,4,1,2
3721,2024-04-14,69,2,64,5
3722,2023-06-03,110,5,35,2
3723,2023-04-06,116,2,7,3
3724,2024-01-26,54,4,41,5
3725,2023-03-19,82,3,17,5
3726,2024-02-09,215,3,57,3
3727,2023-08-27,213,3,66,5
3728,2023-10-18,176,5,19,1
3729,2023-10-05,40,1,75,3
3730,2024-07-31,295,1,62,5
3731,2024-07-14,118,2,92,5
3732,2023-05-10,161,3,26,1
3733,2023-03-18,23,5,56,5
3734,2024-04-09,87,1,36,1
3735,2023-10-13,289,1,4,4
3736,2023-11-06,164,4,66,1
3737,2023-03-17,202,4,70,5
3738,2023-03-26,19,2,83,4
3739,2024-05-28,149,3,66,3
3740,2024-06-05,129,5,83,4
3741,2024-05-16,86,3,89,1
3742,2023-08-30,241,2,71,4
3743,2024-05-19,176,1,13,5
3744,2023-08-10,39,1,71,2
3745,2023-12-17,64,5,86,1
3746,2023-12-20,67,4,36,1
3747,2023-03-21,197,5,32,2
3748,2023-11-15,263,4,23,1
3749,2024-02-08,2,3,30,4
3750,2024-03-14,201,2,22,3
3751,2023-09-05,178,1,63,1
3752,2024-01-15,131,2,12,5
3753,2024-03-08,75,5,95,4
3754,2024-03-16,122,1,97,4
3755,2023-12-15,140,5,26,5
3756,2024-03-02,15,5,74,1
3757,2023-04-20,244,2,90,4
3758,2024-05-18,199,5,97,2
3759,2024-02-10,79,4,46,5
3760,2024-06-04,299,5,59,2
3761,2024-02-08,242,2,62,1
3762,2024-01-27,15,1,91,1
3763,2024-07-02,189,3,13,2
3764,2024-06-02,129,5,32,2
3765,2023-03-14,151,5,6,5
3766,2023-01-27,87,2,70,1
3767,2023-05-23,202,3,11,2
3768,2024-08-17,63,4,54,5
3769,2024-02-08,209,5,14,3
3770,2023-09-20,255,1,83,5
3771,2023-08-13,129,1,77,5
3772,2023-02-06,43,5,50,2
3773,2023-07-20,193,2,100,1
3774,2023-03-24,58,3,46,2
3775,2024-08-08,105,3,17,4
3776,2023-07-30,57,4,91,5
3777,2024-02-08,292,5,78,3
3778,2023-02-06,226,3,43,1
3779,2023-10-13,174,4,71,5
3780,2024-06-08,245,1,44,1
3781,2024-03-31,14,3,73,4
3782,2024-02-03,160,1,40,1
3783,2023-03-14,239,3,54,4
3784,2023-06-11,198,4,10,1
3785,2024-08-22,32,2,66,1
3786,2024-06-12,113,5,30,2
3787,2024-02-29,24,1,86,5
3788,2024-06-19,256,2,56,2
3789,2024-04-02,101,4,20,1
3790,2023-06-14,40,2,68,1
3791,2024-03-29,244,3,58,5
3792,2023-12-05,230,4,98,2
3793,2024-06-16,168,4,60,1
3794,2023-10-05,65,3,80,3
3795,2024-08-19,73,4,63,1
3796,2023-05-01,193,4,83,1
3797,2024-04-22,64,2,44,5
3798,2023-06-29,162,2,15,2
3799,2024-05-25,250,5,82,2
3800,2023-03-17,149,3,74,4
3801,2023-05-29,6,5,62,3
3802,2023-12-21,175,2,15,3
3803,2023-05-09,192,3,36,1
3804,2024-08-18,281,4,5,5
3805,2023-08-11,26,2,56,1
3806,2024-05-24,220,1,49,5
3807,2023-02-27,41,5,31,5
3808,2023-01-05,37,4,24,2
3809,2024-04-04,62,4,68,4
3810,2024-07-16,68,3,37,3
3811,2024-02-09,59,4,26,2
3812,2023-04-03,196,3,17,3
3813,2023-12-15,15,3,90,3
3814,2024-03-07,221,3,77,1
3815,2023-01-27,65,1,52,2
3816,2023-02-22,142,2,93,4
3817,2023-04-24,63,4,43,1
3818,2024-04-08,9,4,29,5
3819,2023-09-24,246,2,83,3
3820,2024-01-21,50,5,40,2
3821,2023-02-17,299,5,21,4
3822,2023-02-06,226,2,58,5
3823,2024-07-12,295,5,29,1
3824,2024-08-08,220,1,74,2
3825,2023-02-09,6,3,99,1
3826,2024-06-16,263,4,70,3
3827,2023-05-22,225,4,52,1
3828,2023-09-02,2,4,84,3
3829,2024-01-30,93,5,37,3
3830,2023-03-09,174,4,14,2
3831,2023-04-25,168,1,55,2
3832,2024-01-27,159,4,14,1
3833,2023-04-29,216,4,70,4
3834,2024-01-01,287,4,88,2
3835,2024-06-07,22,5,97,4
3836,2024-01-28,269,2,96,2
3837,2024-02-13,254,3,80,2
3838,2023-09-21,104,4,3,3
3839,2023-09-05,34,2,60,4
3840,2023-09-12,20,3,23,3
3841,2023-09-21,9,2,9,3
3842,2023-11-19,233,3,90,2
3843,2023-02-27,200,3,30,1
3844,2023-03-12,216,5,56,4
3845,2024-05-21,245,1,17,2
3846,2024-04-24,14,4,71,3
3847,2023-01-23,172,4,85,3
3848,2023-06-28,249,3,100,3
3849,2023-01-04,35,2,11,2
3850,2023-05-14,158,1,18,1
3851,2023-07-28,166,1,84,4
3852,2023-03-11,89,5,3,3
3853,2023-01-05,151,2,73,4
3854,2023-04-27,193,3,7,3
3855,2023-01-11,104,4,71,1
3856,2024-04-02,207,5,37,4
3857,2023-05-06,276,1,96,4
3858,2024-07-11,98,3,74,1
3859,2023-04-15,114,4,84,1
3860,2024-08-07,186,1,98,4
3861,2024-08-12,235,1,24,4
3862,2024-03-19,222,4,12,1
3863,2023-05-11,242,5,51,2
3864,2024-07-13,264,4,32,3
3865,2023-01-23,241,3,33,3
3866,2023-10-28,226,5,76,3
3867,2023-05-12,18,2,11,2
3868,2023-06-30,151,3,2,1
3869,2024-08-16,26,3,62,2
3870,2024-02-08,61,3,95,3
3871,2023-02-20,32,5,39,2
3872,2023-05-18,73,1,25,3
3873,2023-04-29,278,3,40,4
3874,2024-06-10,73,3,67,2
3875,2024-01-06,280,5,13,2
3876,2024-08-02,185,5,60,5
3877,2024-07-10,118,4,35,4
3878,2023-12-13,262,5,79,3
3879,2024-04-04,93,2,86,5
3880,2023-11-10,190,2,79,3
3881,2023-12-02,72,3,72,2
3882,2023-02-09,132,5,41,3
3883,2023-05-26,145,1,82,2
3884,2024-07-22,26,5,95,5
3885,2023-06-23,63,3,14,1
3886,2023-12-31,204,1,33,5
3887,2024-02-11,282,3,68,2
3888,2024-03-31,206,1,67,3
3889,2023-08-31,5,1,57,5
3890,2024-06-11,155,4,5,1
3891,2024-05-19,47,2,48,2
3892,2024-02-10,136,3,60,5
3893,2023-01-19,34,2,29,4
3894,2023-03-01,289,2,7,3
3895,2024-07-01,70,1,43,2
3896,2024-02-25,48,5,20,1
3897,2023-03-18,14,5,78,1
3898,2024-02-29,2,1,45,4
3899,2023-06-09,216,1,45,4
3900,2023-04-07,62,3,75,3
3901,2024-06-20,265,1,77,5
3902,2023-11-10,191,2,99,2
3903,2023-01-08,27,5,36,5
3904,2023-11-24,92,1,67,4
3905,2024-07-21,174,4,16,5
3906,2024-08-22,73,4,91,4
3907,2023-10-09,80,3,25,4
3908,2024-01-01,282,1,33,1
3909,2023-03-29,115,4,4,5
3910,2023-10-19,11,3,44,2
3911,2024-03-07,40,4,7,1
3912,2023-04-28,274,1,53,5
3913,2024-04-21,103,4,41,4
3914,2024-04-26,290,5,70,4
3915,2023-05-23,101,4,30,2
3916,2024-04-23,243,1,59,5
3917,2023-12-26,240,1,50,5
3918,2024-06-19,203,2,56,4
3919,2023-04-25,13,5,55,2
3920,2023-08-04,61,3,60,1
3921,2023-12-06,137,2,50,2
3922,2024-07-31,66,1,71,5
3923,2024-02-03,296,5,5,1
3924,2023-10-23,126,3,43,3
3925,2023-05-09,232,4,23,1
3926,2023-02-16,275,5,64,3
3927,2024-08-10,80,5,15,2
3928,2023-11-28,243,1,97,3
3929,2023-10-01,189,3,27,1
3930,2024-07-29,128,3,56,4
3931,2023-06-25,269,1,32,2
3932,2023-10-29,297,5,27,2
3933,2023-06-26,101,5,91,2
3934,2024-04-01,287,5,28,4
3935,2024-01-12,240,2,47,2
3936,2023-11-04,17,3,12,1
3937,2023-11-15,89,4,22,2
3938,2024-06-27,36,4,19,2
3939,2023-06-11,230,5,70,5
3940,2023-05-27,204,5,31,1
3941,2023-05-20,1,1,30,2
3942,2024-03-27,253,2,17,3
3943,2024-05-24,258,2,73,1
3944,2024-06-10,20,5,51,3
3945,2023-01-22,38,2,71,2
3946,2024-01-10,173,2,83,2
3947,2024-02-27,264,2,59,4
3948,2024-04-19,270,1,49,4
3949,2023-12-08,210,1,99,2
3950,2024-05-28,266,4,44,1
3951,2023-01-22,178,4,45,4
3952,2024-02-07,10,5,54,2
3953,2024-05-03,142,5,26,5
3954,2023-05-11,106,5,48,5
3955,2023-10-15,218,5,80,3
3956,2024-04-05,202,3,78,5
3957,2024-08-11,138,1,40,2
3958,2024-07-30,20,2,11,1
3959,2023-12-01,155,5,37,3
3960,2024-06-05,89,3,11,3
3961,2024-03-09,161,1,19,5
3962,2024-02-16,199,2,24,4
3963,2023-08-13,62,4,74,4
3964,2023-10-14,186,5,98,5
3965,2023-10-08,110,2,74,2
3966,2023-01-10,66,2,86,5
3967,2023-11-11,27,1,55,4
3968,2023-02-17,217,3,12,3
3969,2023-01-30,176,1,64,3
3970,2023-03-10,25,4,13,1
3971,2023-03-15,160,2,70,4
3972,2023-01-29,79,4,6,2
3973,2024-05-03,173,1,91,2
3974,2023-10-31,45,1,89,3
3975,2023-03-17,76,2,34,4
3976,2024-07-07,20,3,56,2
3977,2023-06-02,296,3,32,4
3978,2023-03-31,231,1,3,3
3979,2023-09-04,113,4,74,4
3980,2024-05-27,207,1,28,1
3981,2023-05-01,97,2,97,4
3982,2023-08-24,98,3,62,2
3983,2023-06-29,173,1,43,3
3984,2023-09-28,126,4,36,2
3985,2024-08-02,124,4,15,2
3986,2024-01-22,213,3,43,3
3987,2023-10-26,298,3,35,2
3988,2023-06-24,86,4,30,2
3989,2024-02-04,86,1,91,3
3990,2023-08-26,69,3,15,3
3991,2024-06-12,65,1,98,4
3992,2024-04-14,181,5,55,1
3993,2023-02-20,154,3,68,4
3994,2024-01-30,60,5,82,5
3995,2023-02-06,199,5,42,2
3996,2023-10-02,240,1,27,5
3997,2024-05-01,58,3,46,3
3998,2023-05-23,208,3,54,3
3999,2024-04-14,220,5,9,4
4000,2023-01-24,206,5,35,4
4001,2024-02-27,291,3,24,4
4002,2024-05-27,17,3,15,4
4003,2023-02-06,77,5,98,5
4004,2024-04-26,61,1,99,5
4005,2024-02-17,174,2,43,5
4006,2023-07-08,84,1,58,4
4007,2023-06-03,6,5,61,2
4008,2023-02-12,154,1,14,1
4009,2024-05-23,159,1,75,2
4010,2023-09-16,80,3,35,2
4011,2023-03-28,106,5,61,3
4012,2024-06-14,116,4,12,1
4013,2023-09-17,254,1,34,2
4014,2024-04-16,99,2,59,2
4015,2023-04-29,142,4,23,5
4016,2023-07-08,48,4,43,1
4017,2023-09-09,206,3,32,1
4018,2023-12-10,46,4,29,2
4019,2024-03-09,85,3,46,1
4020,2024-05-10,34,5,22,5
4021,2024-05-20,7,1,62,1
4022,2023-09-17,66,2,42,3
4023,2023-03-03,44,3,19,1
4024,2024-04-24,36,5,93,2
4025,2023-02-28,237,3,73,4
4026,2023-06-07,153,4,99,1
4027,2023-07-11,192,3,100,2
4028,2023-01-24,60,4,27,2
4029,2023-09-13,253,4,83,1
4030,2023-07-14,240,3,19,4
4031,2023-07-27,148,3,91,4
4032,2024-01-27,78,2,48,4
4033,2024-01-15,226,2,33,3
4034,2024-07-19,10,3,23,3
4035,2024-07-28,86,2,60,1
4036,2023-04-12,254,5,7,2
4037,2023-08-02,172,2,45,3
4038,2024-02-28,239,4,17,5
4039,2023-08-28,117,1,40,2
4040,2023-04-07,101,3,36,4
4041,2023-05-17,185,4,64,2
4042,2024-04-02,36,3,35,2
4043,2023-05-20,100,5,8,3
4044,2024-06-15,257,2,60,2
4045,2023-08-16,116,4,75,5
4046,2023-05-21,89,3,97,3
4047,2024-05-31,120,5,100,4
4048,2023-03-27,240,4,19,1
4049,2023-12-20,136,5,89,2
4050,2024-08-12,121,5,81,3
4051,2024-07-16,44,3,57,3
4052,2024-01-12,95,2,43,5
4053,2024-05-09,93,3,38,3
4054,2023-12-03,4,5,17,1
4055,2023-04-05,87,3,8,3
4056,2024-03-19,11,3,33,3
4057,2024-01-01,207,1,70,1
4058,2024-04-23,219,5,70,1
4059,2023-08-24,160,4,12,5
4060,2023-05-23,108,1,37,3
4061,2023-08-30,216,3,47,4
4062,2024-02-13,265,5,30,1
4063,2023-10-30,198,2,38,1
4064,2023-10-10,101,5,80,5
4065,2023-02-26,134,2,22,5
4066,2023-01-06,267,5,61,4
4067,2023-06-15,155,1,63,4
4068,2023-09-03,205,3,94,1
4069,2024-06-30,37,2,21,3
4070,2024-04-04,9,2,96,1
4071,2024-08-09,53,1,94,5
4072,2024-02-25,112,4,41,5
4073,2023-07-01,157,4,4,3
4074,2024-05-30,263,5,42,1
4075,2023-10-05,17,3,53,5
4076,2023-06-04,94,2,56,1
4077,2023-07-30,18,4,72,3
4078,2023-08-28,53,5,28,3
4079,2024-07-04,32,5,48,4
4080,2023-01-03,2,3,19,2
4081,2023-09-05,188,4,84,5
4082,2023-12-22,14,1,12,1
4083,2023-04-30,139,5,39,2
4084,2024-04-24,203,3,81,4
4085,2023-12-07,51,1,8,5
4086,2023-12-03,55,3,69,3
4087,2023-09-22,45,2,36,2
4088,2024-01-12,79,3,15,4
4089,2023-02-08,216,4,70,5
4090,2024-01-10,35,5,95,2
4091,2023-10-31,278,5,10,2
4092,2023-05-11,251,3,66,2
4093,2023-10-07,24,3,46,2
4094,2023-08-13,83,5,23,3
4095,2023-10-06,164,4,64,1
4096,2023-10-21,131,1,72,5
4097,2023-01-18,236,5,53,4
4098,2024-04-04,82,1,36,5
4099,2023-05-20,210,3,83,5
4100,2023-09-03,169,5,67,3
4101,2023-11-21,275,4,95,3
4102,2023-11-15,158,5,76,1
4103,2024-07-18,99,5,83,3
4104,2024-01-12,246,2,44,5
4105,2024-08-16,139,4,25,4
4106,2023-12-24,134,1,38,4
4107,2024-01-07,106,2,57,1
4108,2023-07-13,38,3,33,1
4109,2024-07-02,201,3,69,5
4110,2023-11-21,165,2,11,4
4111,2023-07-21,99,5,76,3
4112,2023-05-08,260,3,12,5
4113,2023-03-14,240,2,31,3
4114,2023-02-23,228,4,73,4
4115,2023-09-14,121,2,85,5
4116,2024-06-01,90,4,8,4
4117,2023-05-10,207,3,9,1
4118,2024-07-31,256,2,89,1
4119,2024-04-10,148,4,81,5
4120,2023-09-20,217,2,7,4
4121,2023-11-25,133,1,48,1
4122,2024-04-19,122,4,92,5
4123,2023-06-07,5,4,90,5
4124,2023-10-12,26,3,40,1
4125,2023-04-30,108,4,27,3
4126,2023-05-16,220,4,68,3
4127,2023-06-16,210,2,93,2
4128,2024-01-11,214,5,59,3
4129,2023-05-25,148,4,98,1
4130,2024-03-19,91,2,92,3
4131,2023-04-12,36,1,20,1
4132,2024-02-06,205,5,94,4
4133,2024-06-19,284,5,63,5
4134,2024-08-19,18,3,65,4
4135,2023-07-25,110,1,22,2
4136,2024-04-26,213,3,71,4
4137,2024-06-05,152,1,78,1
4138,2023-03-31,66,1,35,1
4139,2023-12-05,295,3,67,4
4140,2024-02-18,33,4,78,2
4141,2023-05-31,81,2,80,2
4142,2023-05-01,87,2,46,3
4143,2023-10-04,252,4,9,4
4144,2024-07-18,146,4,63,3
4145,2023-08-24,140,5,8,2
4146,2024-06-01,176,3,50,5
4147,2023-09-15,231,3,41,4
4148,2023-09-16,24,3,33,5
4149,2024-03-29,275,4,96,1
4150,2024-04-07,3,3,58,3
4151,2024-01-08,231,2,17,3
4152,2024-07-17,122,1,11,1
4153,2023-03-02,273,4,36,4
4154,2024-01-06,63,4,11,1
4155,2023-04-05,3,4,79,4
4156,2023-02-28,36,1,83,4
4157,2024-02-29,215,2,87,4
4158,2024-01-04,205,3,97,5
4159,2024-03-15,166,4,29,5
4160,2023-09-20,279,2,2,5
4161,2024-06-27,186,2,19,5
4162,2024-06-07,20,5,42,4
4163,2023-12-26,273,3,61,2
4164,2023-09-09,192,3,71,4
4165,2023-05-02,7,5,14,5
4166,2023-06-13,200,2,82,3
4167,2023-11-23,5,3,40,2
4168,2024-02-25,235,2,7,5
4169,2023-08-21,83,3,46,1
4170,2023-02-24,156,2,9,3
4171,2024-05-19,86,4,50,5
4172,2024-04-17,269,4,49,3
4173,2023-02-20,1,1,80,4
4174,2023-11-08,235,5,85,1
4175,2023-04-02,260,1,94,2
4176,2023-02-16,277,5,98,5
4177,2024-04-02,33,1,41,3
4178,2024-01-20,271,4,2,4
4179,2024-04-05,158,5,69,2
4180,2023-07-14,63,4,29,4
4181,2023-03-13,288,4,22,3
4182,2023-06-04,19,4,56,2
4183,2023-12-24,287,4,97,1
4184,2024-01-07,148,2,54,4
4185,2024-02-28,138,1,72,3
4186,2023-10-26,250,5,41,4
4187,2023-10-08,138,2,29,1
4188,2023-06-04,172,4,1,4
4189,2023-12-28,98,2,75,1
4190,2024-05-18,181,1,80,1
4191,2024-06-28,213,2,4,3
4192,2023-05-21,273,2,38,4
4193,2023-06-06,76,2,18,2
4194,2023-11-21,256,1,12,3
4195,2023-03-29,199,2,66,3
4196,2023-10-24,138,1,84,3
4197,2023-01-06,72,2,29,3
4198,2024-01-10,22,4,86,5
4199,2024-08-20,171,5,95,5
4200,2023-12-18,284,3,67,5
4201,2023-01-03,9,1,6,5
4202,2023-11-01,13,2,30,5
4203,2023-04-30,290,1,22,5
4204,2023-12-16,139,5,98,1
4205,2023-03-12,28,1,6,2
4206,2023-10-25,224,5,75,4
4207,2023-10-29,87,1,44,5
4208,2024-03-26,113,1,70,2
4209,2024-05-03,251,4,22,5
4210,2023-10-31,290,1,33,2
4211,2023-11-18,177,5,29,2
4212,2023-12-03,187,5,80,5
4213,2023-04-13,155,4,86,4
4214,2023-08-26,102,4,13,5
4215,2023-10-17,292,3,13,2
4216,2024-05-09,224,2,98,4
4217,2023-04-09,4,4,58,1
4218,2024-07-11,41,5,53,1
4219,2024-01-06,165,2,59,5
4220,2024-07-24,297,4,16,1
4221,2024-08-14,246,2,92,4
4222,2023-09-20,249,4,86,4
4223,2023-05-17,158,3,94,2
4224,2024-03-07,41,4,64,2
4225,2024-08-07,272,3,66,1
4226,2024-08-16,189,5,97,1
4227,2023-04-18,206,3,91,4
4228,2024-07-14,241,2,44,2
4229,2023-07-21,24,4,3,4
4230,2023-08-11,290,2,42,4
4231,2023-02-23,88,1,44,1
4232,2024-06-23,265,3,74,3
4233,2024-05-15,244,3,10,1
4234,2023-11-06,93,2,96,5
4235,2024-03-21,46,1,81,2
4236,2023-01-10,20,2,30,1
4237,2023-02-07,133,5,4,5
4238,2023-04-17,177,3,50,4
4239,2023-04-09,192,3,30,3
4240,2024-06-27,236,1,2,4
4241,2023-02-08,145,5,61,3
4242,2023-09-10,158,5,12,2
4243,2023-11-02,260,1,65,5
4244,2024-08-19,20,3,100,5
4245,2023-08-12,184,2,43,3
4246,2023-05-05,91,5,75,3
4247,2024-03-12,137,2,51,5
4248,2023-06-11,4,3,1,4
4249,2024-06-24,149,3,81,4
4250,2024-06-29,234,5,90,1
4251,2023-07-12,62,2,95,4
4252,2023-08-28,123,4,39,1
4253,2024-04-20,16,2,15,5
4254,2023-01-25,252,4,99,1
4255,2024-05-19,108,4,4,3
4256,2023-07-05,115,3,100,1
4257,2023-05-12,118,5,73,2
4258,2024-02-03,84,1,49,5
4259,2023-02-10,272,2,1,5
4260,2023-12-05,191,4,11,2
4261,2024-08-12,131,3,66,5
4262,2023-04-01,13,3,42,3
4263,2023-06-03,83,3,88,5
4264,2023-02-02,131,5,79,5
4265,2024-06-20,267,5,34,1
4266,2023-02-17,165,5,62,3
4267,2023-06-23,257,5,21,3
4268,2023-10-09,115,1,46,2
4269,2023-07-02,102,1,9,1
4270,2023-03-26,289,5,94,4
4271,2023-07-16,175,5,59,1
4272,2024-05-04,262,1,77,1
4273,2024-05-10,136,3,55,5
4274,2024-03-06,293,4,61,2
4275,2023-02-14,247,3,14,4
4276,2023-06-19,42,4,7,2
4277,2023-07-14,113,3,60,1
4278,2023-11-09,299,3,78,5
4279,2023-08-01,126,5,23,1
4280,2024-01-31,128,3,93,3
4281,2023-03-12,137,4,30,4
4282,2023-10-20,6,3,3,1
4283,2023-09-03,269,3,72,3
4284,2024-07-30,143,4,3,1
4285,2024-08-21,145,5,74,5
4286,2023-01-09,218,1,86,1
4287,2024-06-20,266,1,76,3
4288,2024-07-20,76,4,66,5
4289,2023-01-09,130,4,49,3
4290,2023-08-05,7,5,46,3
4291,2023-01-28,106,1,32,4
4292,2023-08-23,260,4,56,5
4293,2024-01-14,204,2,10,4
4294,2024-07-08,71,2,77,4
4295,2023-07-06,262,2,32,3
4296,2024-04-27,109,2,30,3
4297,2023-05-07,79,1,29,2
4298,2023-08-27,291,1,76,4
4299,2023-12-17,129,5,67,4
4300,2023-08-19,14,1,64,5
4301,2023-05-14,129,5,58,1
4302,2023-08-18,252,2,71,5
4303,2024-07-05,45,5,99,5
4304,2023-05-27,291,5,58,2
4305,2023-08-10,189,1,12,5
4306,2023-01-19,108,3,52,1
4307,2023-01-05,255,2,77,2
4308,2023-03-30,32,4,52,3
4309,2023-12-16,215,2,89,2
4310,2024-04-19,280,1,28,5
4311,2023-01-01,12,5,90,4
4312,2023-11-07,242,2,67,4
4313,2023-11-28,229,1,14,2
4314,2024-02-17,12,4,63,5
4315,2023-01-21,21,5,31,2
4316,2023-05-30,151,1,37,5
4317,2023-12-12,13,2,57,5
4318,2023-04-26,242,3,95,2
4319,2024-06-15,124,2,43,5
4320,2024-05-14,173,2,94,4
4321,2023-02-19,196,5,28,2
4322,2023-08-16,285,1,59,5
4323,2024-02-20,126,3,43,3
4324,2023-11-02,9,2,100,1
4325,2024-06-15,278,4,51,2
4326,2023-08-17,265,3,69,5
4327,2023-05-01,160,3,23,1
4328,2024-03-28,110,1,71,1
4329,2023-11-06,28,3,89,3
4330,2024-02-20,265,3,9,5
4331,2023-10-28,158,4,96,5
4332,2023-09-05,18,4,73,1
4333,2023-10-14,153,4,59,3
4334,2024-05-25,182,2,40,2
4335,2023-04-25,178,3,27,5
4336,2023-01-21,293,1,29,3
4337,2023-09-07,210,3,7,1
4338,2024-08-15,131,3,59,2
4339,2024-07-18,116,3,100,2
4340,2023-03-03,247,2,79,1
4341,2023-08-30,166,3,66,2
4342,2024-03-26,232,5,83,2
4343,2023-01-22,42,4,75,5
4344,2023-09-17,106,4,80,1
4345,2023-04-18,99,2,94,4
4346,2024-03-07,275,3,41,2
4347,2024-01-27,37,3,53,2
4348,2023-03-13,290,2,45,2
4349,2023-06-23,219,1,74,3
4350,2023-01-12,61,2,15,2
4351,2023-01-25,292,3,42,5
4352,2023-02-25,11,5,48,1
4353,2024-07-30,45,4,22,3
4354,2023-08-11,186,1,30,1
4355,2024-02-09,186,4,33,1
4356,2023-07-04,28,4,30,4
4357,2024-02-05,147,4,10,3
4358,2024-04-22,91,5,38,4
4359,2023-02-09,281,4,76,5
4360,2024-03-03,24,4,2,2
4361,2023-05-09,202,3,45,5
4362,2023-06-25,165,1,100,5
4363,2023-09-05,270,5,51,1
4364,2023-04-07,70,5,20,2
4365,2023-05-22,23,1,39,5
4366,2023-12-08,41,4,9,4
4367,2023-06-12,3,3,92,1
4368,2023-04-21,113,5,1,5
4369,2024-03-04,121,2,5,3
4370,2023-06-04,163,5,14,5
4371,2023-07-15,167,1,57,2
4372,2023-01-23,236,3,91,2
4373,2023-03-01,206,4,59,4
4374,2024-05-10,204,4,100,4
4375,2024-07-18,261,3,67,4
4376,2024-08-05,46,5,83,4
4377,2023-05-30,227,5,75,3
4378,2023-03-27,187,2,10,5
4379,2023-07-13,263,1,91,5
4380,2024-04-20,4,5,54,3
4381,2024-05-31,107,4,54,1
4382,2024-06-14,82,2,79,1
4383,2024-08-22,183,2,88,5
4384,2023-06-13,242,3,85,5
4385,2024-06-26,285,4,1,3
4386,2024-03-10,66,1,57,5
4387,2023-07-26,64,1,21,4
4388,2023-09-23,29,4,22,5
4389,2024-03-06,241,1,54,1
4390,2024-03-26,125,5,18,4
4391,2024-08-20,276,3,69,3
4392,2023-12-29,181,3,25,1
4393,2023-03-02,14,4,8,4
4394,2023-09-25,173,5,16,1
4395,2023-01-29,156,4,29,5
4396,2023-09-09,134,3,13,2
4397,2024-03-26,20,3,80,3
4398,2023-06-17,214,2,12,4
4399,2023-10-06,256,4,80,2
4400,2023-05-16,101,5,31,1
4401,2024-03-14,31,1,91,5
4402,2024-02-25,38,2,2,1
4403,2023-07-27,295,1,11,4
4404,2023-03-07,159,4,88,4
4405,2024-02-15,137,4,47,1
4406,2023-06-27,282,2,75,3
4407,2023-06-27,200,3,29,3
4408,2023-12-28,108,2,52,5
4409,2023-07-20,292,3,65,5
4410,2024-06-26,53,3,26,2
4411,2024-08-22,71,1,34,1
4412,2023-06-04,81,2,28,3
4413,2024-08-12,167,1,59,4
4414,2023-06-02,128,4,68,4
4415,2024-08-18,27,3,99,1
4416,2023-04-25,175,3,39,2
4417,2024-06-23,48,5,47,4
4418,2023-01-12,236,4,15,3
4419,2023-09-10,51,3,40,3
4420,2024-01-16,91,5,61,4
4421,2023-02-20,159,5,85,2
4422,2023-10-26,161,1,59,1
4423,2023-02-24,202,1,64,3
4424,2023-06-26,296,3,2,1
4425,2024-04-23,293,1,19,4
4426,2024-06-06,281,5,7,2
4427,2023-04-05,196,3,49,4
4428,2023-10-17,185,4,28,4
4429,2023-09-03,243,1,98,5
4430,2023-05-20,130,5,37,1
4431,2023-06-05,115,2,1,5
4432,2024-08-09,177,1,97,1
4433,2023-09-12,137,2,34,5
4434,2023-09-29,252,3,24,5
4435,2023-08-13,8,3,78,5
4436,2023-09-06,172,1,34,2
4437,2023-11-05,9,3,20,3
4438,2023-06-02,275,3,40,4
4439,2023-01-27,53,1,69,1
4440,2023-09-02,118,4,75,3
4441,2023-08-13,233,5,4,4
4442,2023-03-02,126,2,59,3
4443,2024-05-08,79,2,63,1
4444,2023-06-18,250,4,95,1
4445,2023-10-20,97,3,84,5
4446,2024-01-14,290,3,21,2
4447,2024-08-02,89,2,85,2
4448,2023-04-21,55,5,42,3
4449,2023-09-02,255,3,20,1
4450,2023-03-16,250,3,65,5
4451,2023-05-04,67,4,58,5
4452,2024-06-21,32,2,19,2
4453,2023-06-26,44,3,10,2
4454,2024-01-10,292,3,38,2
4455,2023-05-29,53,5,85,5
4456,2024-04-09,1,2,50,5
4457,2023-05-05,187,4,95,5
4458,2024-07-20,241,5,41,4
4459,2023-04-01,227,5,70,1
4460,2024-07-23,36,2,94,1
4461,2024-05-04,31,4,30,4
4462,2024-01-20,127,3,92,3
4463,2023-02-07,151,5,95,4
4464,2024-01-15,77,5,66,4
4465,2024-06-30,72,1,3,4
4466,2023-12-28,218,2,40,4
4467,2024-01-10,9,5,42,3
4468,2024-02-17,37,5,36,5
4469,2023-12-04,188,2,24,2
4470,2024-06-30,292,5,83,2
4471,2023-02-13,196,3,30,3
4472,2024-04-14,61,1,27,1
4473,2023-07-02,49,1,65,1
4474,2024-02-16,59,1,92,3
4475,2023-11-15,182,1,88,4
4476,2023-10-27,286,5,45,1
4477,2023-06-12,272,4,79,5
4478,2023-04-22,110,3,12,4
4479,2024-03-06,233,2,69,3
4480,2024-07-11,82,4,10,2
4481,2023-10-30,90,5,62,1
4482,2023-10-13,178,5,71,4
4483,2024-01-04,134,3,88,4
4484,2023-11-25,292,3,45,1
4485,2023-03-10,98,1,12,2
4486,2023-10-09,240,5,32,5
4487,2023-10-18,169,3,58,3
4488,2024-01-11,209,1,52,5
4489,2023-11-11,90,3,17,1
4490,2024-08-18,155,3,63,3
4491,2023-01-01,210,3,86,4
4492,2024-01-09,166,3,35,2
4493,2023-09-17,183,1,64,5
4494,2023-02-18,112,4,49,1
4495,2023-01-01,129,1,90,4
4496,2023-04-15,296,1,15,1
4497,2023-10-12,211,2,81,4
4498,2023-07-15,167,2,76,5
4499,2023-07-26,192,2,87,3
4500,2024-06-26,92,1,48,1
4501,2023-03-19,270,5,39,4
4502,2024-06-22,61,3,52,4
4503,2024-06-27,80,2,4,1
4504,2024-06-11,86,4,97,5
4505,2023-04-10,82,1,72,5
4506,2024-07-29,68,4,61,1
4507,2023-02-07,16,5,82,3
4508,2023-02-05,40,2,78,5
4509,2023-05-02,201,5,75,2
4510,2024-06-26,33,3,81,5
4511,2024-04-05,185,2,18,2
4512,2024-02-04,297,2,49,2
4513,2023-02-14,69,2,78,3
4514,2023-12-05,39,5,42,2
4515,2024-05-13,274,1,18,4
4516,2023-03-20,110,5,22,4
4517,2023-11-16,63,5,23,1
4518,2023-01-31,128,4,72,2
4519,2024-02-05,193,5,36,3
4520,2024-08-04,246,2,6,5
4521,2024-01-03,180,1,6,4
4522,2023-11-26,233,2,7,5
4523,2024-05-14,81,4,14,3
4524,2023-12-04,8,4,89,3
4525,2023-08-17,53,2,3,2
4526,2024-07-14,206,5,97,4
4527,2023-08-28,194,5,2,4
4528,2024-05-25,237,3,8,4
4529,2023-10-23,199,1,7,4
4530,2024-03-16,220,5,28,4
4531,2024-01-02,19,2,7,5
4532,2023-12-17,141,1,48,3
4533,2024-05-20,145,2,24,5
4534,2023-09-29,282,1,33,4
4535,2024-05-22,194,5,94,3
4536,2024-05-15,274,3,89,5
4537,2023-02-02,97,3,66,5
4538,2024-03-19,155,4,8,2
4539,2024-01-19,247,2,83,5
4540,2023-12-15,71,3,67,5
4541,2023-07-29,24,3,8,4
4542,2023-09-20,137,3,9,2
4543,2023-01-10,22,2,66,2
4544,2024-04-12,134,5,5,1
4545,2024-07-14,65,2,13,2
4546,2023-07-31,211,3,42,1
4547,2024-07-01,49,5,15,1
4548,2023-11-16,146,2,85,2
4549,2023-09-25,65,2,12,3
4550,2023-09-15,105,4,68,2
4551,2023-03-11,174,5,6,2
4552,2024-06-19,224,2,54,2
4553,2023-05-08,33,4,11,3
4554,2024-07-01,210,3,71,5
4555,2023-06-27,263,2,21,3
4556,2024-03-04,6,2,71,5
4557,2024-08-18,273,1,29,2
4558,2024-06-24,163,5,93,4
4559,2023-01-05,254,4,64,3
4560,2023-07-03,82,3,98,1
4561,2023-11-29,265,4,76,3
4562,2024-08-11,270,5,29,4
4563,2024-02-18,233,4,98,4
4564,2024-01-13,78,1,44,2
4565,2024-01-28,67,1,97,2
4566,2023-12-11,19,3,91,5
4567,2023-07-22,64,1,72,5
4568,2023-01-09,46,4,71,4
4569,2023-03-07,268,5,26,3
4570,2023-07-13,86,3,37,3
4571,2023-05-28,79,5,64,3
4572,2023-12-11,53,5,73,3
4573,2023-03-24,252,2,47,2
4574,2023-04-22,117,4,46,2
4575,2023-01-22,32,1,57,4
4576,2024-06-15,158,4,95,2
4577,2023-05-27,20,2,81,2
4578,2023-05-06,282,1,59,3
4579,2024-05-08,115,4,93,1
4580,2023-12-28,97,2,73,5
4581,2023-05-15,219,2,74,5
4582,2023-10-01,261,2,11,5
4583,2023-02-24,58,1,16,3
4584,2023-03-10,74,4,76,3
4585,2023-11-16,14,5,2,2
4586,2024-08-02,138,2,94,5
4587,2024-02-11,89,5,27,2
4588,2023-04-13,264,4,11,2
4589,2023-05-31,70,1,81,5
4590,2023-05-07,251,1,89,2
4591,2023-06-24,268,4,75,4
4592,2024-03-13,184,3,84,5
4593,2023-07-01,296,2,86,4
4594,2023-08-12,174,4,42,4
4595,2024-01-08,202,4,62,3
4596,2023-05-25,269,2,51,3
4597,2023-09-27,229,2,34,3
4598,2024-02-26,221,3,27,4
4599,2023-09-30,272,5,92,4
4600,2023-11-08,165,3,26,3
4601,2023-07-27,277,1,11,5
4602,2023-04-13,265,4,82,1
4603,2023-06-26,64,3,90,1
4604,2023-12-08,207,5,12,3
4605,2024-04-29,187,3,69,3
4606,2024-01-08,24,5,55,2
4607,2023-08-04,219,3,56,5
4608,2023-04-08,13,4,100,2
4609,2023-05-09,203,2,52,3
4610,2024-04-18,189,3,77,3
4611,2023-03-09,254,1,58,2
4612,2024-03-15,94,5,61,5
4613,2023-10-04,2,1,20,5
4614,2024-07-19,15,4,74,2
4615,2023-10-08,287,4,86,1
4616,2024-06-22,232,4,13,3
4617,2024-05-10,192,1,23,2
4618,2024-07-29,259,4,58,2
4619,2024-08-12,258,1,81,1
4620,2023-11-02,177,5,48,4
4621,2023-03-23,24,1,94,4
4622,2024-07-21,180,4,71,1
4623,2024-03-08,89,2,35,1
4624,2024-07-13,86,1,68,2
4625,2024-04-21,235,3,53,3
4626,2023-04-09,131,4,45,4
4627,2023-05-10,185,1,26,5
4628,2023-09-22,217,1,12,5
4629,2024-07-26,183,3,100,2
4630,2023-02-01,158,3,81,4
4631,2024-05-14,172,4,80,3
4632,2023-06-12,17,4,70,2
4633,2023-09-23,225,5,14,3
4634,2023-09-03,250,4,18,2
4635,2023-05-11,108,4,71,1
4636,2023-05-17,29,3,66,3
4637,2023-01-03,228,5,47,3
4638,2024-03-13,94,2,43,5
4639,2023-05-23,189,5,99,5
4640,2024-03-03,71,3,99,4
4641,2024-08-11,33,4,98,4
4642,2023-01-12,207,5,4,4
4643,2023-03-15,190,2,100,3
4644,2024-01-17,295,3,38,2
4645,2023-03-15,30,2,60,2
4646,2023-04-04,124,3,52,2
4647,2023-11-15,226,3,4,2
4648,2023-05-21,81,5,46,3
4649,2023-09-12,49,2,4,4
4650,2024-01-17,151,3,9,1
4651,2023-11-12,198,3,16,3
4652,2023-06-19,165,4,14,4
4653,2023-08-31,192,2,92,3
4654,2023-08-15,67,4,21,2
4655,2024-05-19,102,3,72,5
4656,2023-01-17,171,2,95,4
4657,2023-05-01,188,5,100,4
4658,2024-02-11,12,3,54,3
4659,2024-01-04,44,5,97,1
4660,2024-05-05,31,1,60,5
4661,2024-06-05,85,2,12,2
4662,2023-10-12,185,5,9,2
4663,2024-04-30,233,2,40,2
4664,2023-11-22,49,1,44,2
4665,2023-05-25,51,4,98,1
4666,2024-07-08,244,1,30,3
4667,2023-01-14,63,3,48,3
4668,2024-06-01,178,4,6,1
4669,2024-04-08,100,1,16,3
4670,2024-07-27,160,3,10,2
4671,2023-12-15,272,2,49,5
4672,2024-02-21,145,1,35,4
4673,2023-07-03,271,5,54,3
4674,2023-12-21,61,5,51,2
4675,2024-07-18,263,3,78,1
4676,2023-03-30,290,5,76,4
4677,2023-10-06,106,1,49,4
4678,2023-08-14,141,3,59,5
4679,2023-04-08,255,5,36,4
4680,2023-11-25,32,3,50,5
4681,2023-05-03,189,5,12,4
4682,2024-05-27,285,3,67,3
4683,2023-08-21,228,4,32,1
4684,2023-09-27,206,2,69,3
4685,2024-04-10,265,2,23,4
4686,2023-09-28,12,1,74,3
4687,2023-09-19,208,4,6,2
4688,2023-07-20,40,3,69,5
4689,2023-05-17,255,3,66,5
4690,2024-01-21,253,4,42,5
4691,2024-02-15,53,4,96,4
4692,2024-01-17,15,1,81,1
4693,2023-11-29,51,1,14,3
4694,2024-07-17,31,3,57,1
4695,2023-10-06,152,3,20,1
4696,2023-09-05,202,1,36,2
4697,2023-01-20,16,5,81,2
4698,2023-07-12,202,5,71,4
4699,2023-04-17,269,1,72,5
4700,2023-01-20,34,3,74,3
4701,2023-06-04,136,4,33,4
4702,2024-01-20,178,3,2,3
4703,2023-06-02,271,3,86,3
4704,2023-04-28,80,3,86,1
4705,2023-11-01,260,4,48,3
4706,2024-04-21,49,2,10,3
4707,2024-05-29,185,1,51,5
4708,2023-03-19,200,2,86,1
4709,2023-12-02,80,4,36,4
4710,2023-06-14,36,4,86,5
4711,2023-01-15,261,4,62,2
4712,2023-05-06,281,4,66,3
4713,2023-01-20,161,2,47,1
4714,2023-07-13,187,5,30,2
4715,2023-08-01,264,3,68,2
4716,2023-11-11,247,3,7,1
4717,2023-03-14,8,2,80,2
4718,2024-03-23,271,2,93,4
4719,2024-05-05,267,5,85,4
4720,2024-01-04,182,4,4,4
4721,2023-04-13,64,5,96,5
4722,2023-07-30,252,3,42,4
4723,2024-07-23,62,3,58,2
4724,2024-07-02,225,2,73,5
4725,2023-06-21,104,4,54,5
4726,2023-08-25,83,4,74,3
4727,2023-08-19,112,5,55,2
4728,2023-01-21,146,4,19,1
4729,2024-07-03,192,4,93,2
4730,2024-04-15,282,4,88,1
4731,2023-12-17,260,5,99,3
4732,2023-07-31,149,3,13,4
4733,2023-11-07,288,5,36,5
4734,2024-06-05,279,2,73,2
4735,2023-12-30,165,1,100,1
4736,2024-06-01,155,5,58,3
4737,2023-12-18,290,2,53,1
4738,2024-07-24,282,4,53,1
4739,2023-05-09,182,1,51,2
4740,2023-03-21,224,5,71,1
4741,2024-06-10,289,3,50,4
4742,2024-05-18,26,3,57,1
4743,2023-09-18,111,1,38,4
4744,2023-08-06,108,5,84,4
4745,2023-09-21,277,3,6,4
4746,2024-03-26,59,2,54,2
4747,2023-06-20,255,1,31,2
4748,2023-02-17,10,4,93,5
4749,2023-09-04,258,5,93,5
4750,2023-03-02,33,3,94,2
4751,2023-07-15,128,3,56,4
4752,2023-01-09,266,5,59,3
4753,2024-05-05,172,1,46,2
4754,2024-05-18,37,5,99,5
4755,2023-02-26,185,3,59,1
4756,2024-03-20,159,3,13,4
4757,2023-02-01,221,1,6,2
4758,2024-01-09,208,4,9,1
4759,2023-04-21,64,4,46,5
4760,2023-12-17,166,1,87,5
4761,2023-05-09,180,5,25,1
4762,2023-07-02,141,3,58,4
4763,2024-07-12,158,1,64,5
4764,2023-02-19,78,3,26,5
4765,2023-09-28,291,5,38,3
4766,2024-08-09,7,3,66,5
4767,2023-04-05,174,5,17,3
4768,2023-07-29,14,2,68,4
4769,2023-03-07,162,2,86,3
4770,2023-01-28,164,2,23,4
4771,2023-08-30,250,2,16,4
4772,2023-03-22,202,1,95,4
4773,2023-03-19,105,2,2,5
4774,2023-11-02,189,5,76,4
4775,2023-04-02,51,2,32,3
4776,2023-04-27,234,2,46,3
4777,2023-01-25,129,4,23,1
4778,2023-08-05,71,5,86,4
4779,2024-03-05,212,1,76,3
4780,2024-06-22,297,3,15,2
4781,2024-01-23,164,2,22,1
4782,2023-05-16,83,1,6,1
4783,2024-07-05,217,2,99,2
4784,2023-02-06,80,5,46,3
4785,2023-06-05,1,4,20,4
4786,2024-07-08,67,4,53,2
4787,2023-11-12,70,4,86,1
4788,2024-08-17,134,5,47,3
4789,2024-07-02,244,2,62,2
4790,2023-09-23,93,2,5,4
4791,2023-01-06,196,5,67,3
4792,2023-09-12,152,2,12,1
4793,2023-06-17,151,5,60,1
4794,2023-09-22,283,1,67,3
4795,2024-05-25,188,5,58,3
4796,2023-07-11,197,1,29,3
4797,2023-12-03,109,5,42,4
4798,2024-02-26,289,2,6,4
4799,2023-11-30,8,3,80,3
4800,2023-02-21,256,1,80,4
4801,2023-04-08,275,5,28,3
4802,2024-01-18,204,3,74,1
4803,2023-06-24,167,3,13,4
4804,2024-02-28,140,3,29,3
4805,2023-06-16,52,1,79,2
4806,2024-01-26,24,5,86,2
4807,2024-02-21,62,1,58,2
4808,2023-02-16,292,4,73,3
4809,2023-12-17,2,4,45,3
4810,2024-01-06,164,5,66,5
4811,2024-07-19,175,3,40,3
4812,2023-09-24,51,4,5,4
4813,2023-12-26,74,5,90,3
4814,2023-02-11,116,1,61,1
4815,2023-07-07,96,2,19,3
4816,2024-06-12,270,2,60,5
4817,2023-06-03,211,3,94,5
4818,2024-04-21,41,5,3,4
4819,2023-11-18,127,1,59,3
4820,2023-10-04,3,5,38,1
4821,2024-07-03,6,2,65,4
4822,2023-07-01,84,4,84,3
4823,2024-04-26,293,2,48,4
4824,2024-03-01,115,4,88,1
4825,2023-07-16,292,5,1,4
4826,2023-09-18,56,4,22,4
4827,2024-07-16,10,3,15,2
4828,2023-01-25,191,4,79,4
4829,2024-05-25,260,3,19,5
4830,2023-02-06,162,4,40,5
4831,2023-05-25,288,3,25,1
4832,2023-10-11,177,4,17,2
4833,2023-01-07,120,4,63,2
4834,2023-04-16,167,1,50,1
4835,2023-06-09,140,3,61,4
4836,2023-07-17,15,5,47,4
4837,2024-03-27,6,4,63,3
4838,2023-07-18,37,5,87,5
4839,2023-04-16,65,4,90,2
4840,2024-08-21,111,4,99,2
4841,2023-09-06,52,5,12,2
4842,2023-02-06,138,3,48,3
4843,2023-06-23,15,5,51,3
4844,2023-03-09,249,3,75,3
4845,2023-03-28,204,4,8,3
4846,2023-06-25,219,1,84,4
4847,2023-12-30,84,5,100,3
4848,2023-03-04,62,4,43,4
4849,2024-02-18,100,2,55,4
4850,2023-04-09,47,3,40,3
4851,2023-11-19,65,2,29,3
4852,2023-08-09,192,4,33,4
4853,2023-03-15,197,5,77,1
4854,2023-11-19,196,4,66,3
4855,2024-08-15,48,5,74,4
4856,2023-01-13,280,3,87,5
4857,2023-08-06,192,4,5,3
4858,2023-10-06,278,3,69,1
4859,2023-11-14,239,5,67,4
4860,2023-01-19,149,3,69,3
4861,2023-06-13,190,3,68,4
4862,2024-03-07,224,4,33,1
4863,2024-01-31,288,5,11,5
4864,2023-02-23,227,4,52,1
4865,2023-08-02,176,1,42,5
4866,2024-04-28,45,2,99,3
4867,2023-03-08,164,2,24,3
4868,2023-01-16,36,2,98,2
4869,2024-04-20,53,3,85,5
4870,2024-03-12,125,3,88,1
4871,2023-01-12,272,4,11,4
4872,2024-06-29,218,3,7,2
4873,2023-07-16,209,5,100,5
4874,2023-04-25,51,3,88,5
4875,2023-09-22,57,1,54,3
4876,2024-04-17,8,4,44,5
4877,2024-03-28,75,5,53,3
4878,2023-03-08,55,4,89,1
4879,2024-03-28,242,3,92,1
4880,2023-01-26,296,5,37,4
4881,2023-04-18,137,5,81,4
4882,2023-12-30,33,2,38,1
4883,2023-11-28,121,3,19,4
4884,2023-10-28,288,1,8,3
4885,2023-11-21,133,2,11,5
4886,2023-08-10,139,4,3,5
4887,2024-05-27,216,1,58,3
4888,2024-04-11,77,2,44,2
4889,2023-11-22,148,2,91,4
4890,2023-01-22,257,4,14,4
4891,2024-05-06,52,1,37,5
4892,2024-01-01,216,3,2,2
4893,2023-05-29,95,4,45,3
4894,2024-03-08,101,5,24,4
4895,2024-08-10,178,4,39,2
4896,2023-09-22,104,5,35,2
4897,2024-05-06,299,3,59,1
4898,2023-10-18,262,2,17,4
4899,2023-04-26,274,4,90,1
4900,2024-06-09,219,5,7,1
4901,2024-03-08,146,3,86,3
4902,2023-06-04,140,1,67,1
4903,2023-03-18,154,3,94,2
4904,2023-02-17,112,4,86,5
4905,2024-03-01,178,2,41,2
4906,2024-03-21,138,1,39,5
4907,2023-07-11,117,3,22,1
4908,2023-12-25,158,5,59,4
4909,2023-07-16,143,2,54,1
4910,2023-04-10,42,4,34,3
4911,2023-05-02,147,4,65,4
4912,2023-03-04,152,4,76,1
4913,2023-03-14,166,1,53,4
4914,2023-09-12,137,4,83,4
4915,2023-09-08,18,2,69,4
4916,2023-04-28,143,5,16,2
4917,2023-12-06,289,3,84,3
4918,2023-04-21,234,5,88,2
4919,2024-06-19,173,4,66,1
4920,2024-02-09,117,5,1,2
4921,2023-08-24,139,3,6,3
4922,2023-08-05,196,2,25,4
4923,2024-02-02,206,4,34,1
4924,2024-08-10,140,4,36,5
4925,2024-01-28,164,5,65,1
4926,2024-08-08,40,1,50,3
4927,2024-01-27,29,3,35,1
4928,2024-07-13,66,5,53,4
4929,2023-06-10,244,1,2,4
4930,2023-04-16,25,3,79,4
4931,2024-05-06,54,1,57,1
4932,2024-02-14,52,1,33,1
4933,2024-01-22,135,2,51,3
4934,2024-02-27,41,4,91,1
4935,2024-01-07,28,1,85,1
4936,2024-03-29,124,3,70,2
4937,2024-03-08,268,1,3,4
4938,2023-06-19,172,2,42,4
4939,2024-01-06,298,2,79,5
4940,2023-06-03,89,5,4,4
4941,2024-03-07,299,2,1,4
4942,2023-07-12,113,4,17,5
4943,2023-03-09,120,5,51,5
4944,2023-03-30,81,3,73,3
4945,2024-03-21,227,1,94,3
4946,2024-07-17,191,3,4,2
4947,2023-05-09,135,4,11,3
4948,2024-06-30,91,4,76,2
4949,2023-01-09,151,2,70,2
4950,2024-06-27,71,2,84,5
4951,2024-07-31,276,2,10,5
4952,2024-02-14,21,4,43,4
4953,2023-02-28,268,3,83,4
4954,2023-04-25,298,2,82,2
4955,2023-06-04,103,3,100,3
4956,2023-07-22,240,1,95,3
4957,2023-09-18,241,5,84,3
4958,2023-06-28,80,4,95,2
4959,2023-04-06,203,5,70,3
4960,2023-10-05,139,4,67,4
4961,2024-01-17,175,1,92,3
4962,2023-08-30,284,3,54,4
4963,2024-08-11,132,3,16,3
4964,2023-12-23,146,2,90,5
4965,2023-10-21,274,2,52,1
4966,2023-06-14,282,1,72,3
4967,2024-07-17,203,4,59,1
4968,2023-07-22,33,5,14,4
4969,2024-01-10,19,3,92,2
4970,2023-02-17,115,1,95,2
4971,2023-02-09,158,5,40,2
4972,2023-03-19,180,1,31,4
4973,2023-07-16,193,3,23,3
4974,2023-04-16,257,2,63,3
4975,2024-04-10,84,5,31,4
4976,2024-07-19,179,5,100,5
4977,2023-01-24,211,5,50,1
4978,2023-11-30,108,2,2,1
4979,2024-05-24,204,4,100,1
4980,2024-07-04,58,2,52,2
4981,2023-08-20,295,4,11,4
4982,2024-02-14,155,4,15,2
4983,2023-01-25,225,1,20,4
4984,2024-05-05,12,5,71,2
4985,2023-03-22,155,3,9,1
4986,2024-02-14,229,1,45,4
4987,2024-04-28,261,3,64,3
4988,2024-04-29,238,3,67,1
4989,2023-02-11,183,3,65,2
4990,2023-11-21,3,1,78,5
4991,2023-08-30,178,3,25,1
4992,2024-02-01,212,5,3,1
4993,2024-06-27,22,1,100,2
4994,2023-12-18,167,4,46,2
4995,2023-02-09,266,3,56,2
4996,2023-09-26,85,1,60,1
4997,2023-08-15,90,4,15,2
4998,2023-02-25,133,4,48,2
4999,2024-07-19,73,1,22,4
5000,2023-06-14,36,2,96,4
5001,2023-08-04,45,3,80,3
5002,2023-07-29,299,1,17,1
5003,2024-06-26,52,2,53,1
5004,2023-10-14,276,5,30,4
5005,2024-04-23,134,4,6,2
5006,2023-02-27,164,2,48,5
5007,2024-07-17,109,2,96,4
5008,2023-07-03,200,4,18,1
5009,2023-05-10,180,5,61,1
5010,2023-04-17,176,2,90,2
5011,2023-12-03,173,2,44,2
5012,2024-05-07,205,2,3,3
5013,2023-05-30,46,1,51,4
5014,2024-05-18,235,5,3,3
5015,2024-04-22,260,1,78,4
5016,2024-07-26,188,1,2,1
5017,2024-01-24,251,2,19,4
5018,2024-04-07,113,2,82,3
5019,2023-07-19,162,3,11,3
5020,2024-07-17,237,2,93,5
5021,2024-06-30,39,1,24,3
5022,2024-02-26,24,5,99,2
5023,2024-01-25,45,2,33,4
5024,2023-01-14,14,5,34,1
5025,2024-07-19,8,3,52,2
5026,2023-06-26,288,2,13,2
5027,2024-06-01,206,2,32,2
5028,2024-08-05,251,3,27,4
5029,2023-11-04,92,2,63,4
5030,2023-05-27,95,5,40,3
5031,2024-03-06,289,3,52,1
5032,2024-02-29,71,1,56,2
5033,2023-04-29,169,3,89,2
5034,2024-07-24,186,4,60,1
5035,2024-02-17,203,3,44,1
5036,2023-02-11,207,2,13,3
5037,2023-03-29,275,2,21,4
5038,2024-08-17,160,4,78,1
5039,2023-11-29,112,2,42,2
5040,2023-04-26,272,5,47,3
5041,2023-11-11,98,4,89,2
5042,2024-07-13,145,2,39,2
5043,2024-06-17,6,5,40,4
5044,2024-04-13,196,4,62,5
5045,2023-07-27,11,2,60,4
5046,2023-01-24,71,2,4,5
5047,2023-09-25,190,2,76,5
5048,2023-12-15,16,5,94,5
5049,2023-05-05,57,1,79,5
5050,2023-04-22,14,1,17,2
5051,2023-05-03,127,4,87,5
5052,2023-05-13,27,1,77,3
5053,2023-01-22,114,4,53,1
5054,2024-01-15,229,3,52,5
5055,2023-06-28,105,1,93,4
5056,2024-01-12,54,2,60,4
5057,2023-01-29,148,3,2,1
5058,2023-02-14,203,3,52,3
5059,2024-08-11,239,4,23,4
5060,2023-07-08,159,4,37,4
5061,2023-08-22,224,1,23,1
5062,2023-06-25,258,1,68,3
5063,2023-08-05,38,5,41,1
5064,2023-01-23,63,2,25,4
5065,2023-02-09,261,2,30,5
5066,2023-12-09,240,4,37,1
5067,2023-03-22,236,4,52,2
5068,2023-03-01,29,4,76,5
5069,2023-01-03,142,2,88,1
5070,2024-07-29,297,1,41,3
5071,2024-03-04,259,5,89,1
5072,2024-08-23,10,3,43,1
5073,2024-06-15,133,2,82,5
5074,2024-06-01,231,4,2,1
5075,2023-07-04,231,5,68,4
5076,2024-04-28,182,2,73,5
5077,2023-05-14,184,5,88,1
5078,2024-02-24,256,4,14,1
5079,2023-05-25,44,2,88,4
5080,2024-04-12,106,5,78,4
5081,2023-05-01,128,4,75,4
5082,2023-10-25,3,1,32,4
5083,2023-11-16,292,3,44,1
5084,2023-08-19,237,2,78,1
5085,2023-07-28,19,5,81,1
5086,2024-01-30,161,5,44,5
5087,2024-03-29,91,1,42,2
5088,2023-09-17,209,5,12,3
5089,2023-09-15,249,3,48,3
5090,2023-02-12,206,5,63,3
5091,2023-12-31,284,5,15,2
5092,2024-04-10,157,5,76,4
5093,2023-09-08,230,3,24,3
5094,2023-05-26,243,2,45,1
5095,2023-10-10,124,3,16,2
5096,2023-11-06,53,3,42,2
5097,2024-02-09,98,3,99,5
5098,2024-04-28,56,4,11,5
5099,2023-09-28,241,5,99,5
5100,2023-04-24,109,4,44,4
5101,2024-06-14,198,5,13,4
5102,2023-01-30,90,4,59,3
5103,2023-11-11,238,3,77,3
5104,2023-03-04,3,1,95,1
5105,2024-04-07,122,1,25,2
5106,2023-09-24,46,1,47,1
5107,2024-07-07,149,5,63,1
5108,2023-08-14,32,1,48,3
5109,2023-11-14,285,2,47,1
5110,2024-07-03,144,1,15,2
5111,2023-08-17,41,2,37,3
5112,2024-04-10,55,2,10,4
5113,2023-02-11,250,3,59,2
5114,2023-01-22,66,2,30,1
5115,2024-02-06,6,1,14,2
5116,2023-07-02,119,2,78,3
5117,2024-01-25,36,2,91,1
5118,2024-03-07,86,1,77,1
5119,2024-03-12,109,4,87,1
5120,2024-01-23,101,4,33,2
5121,2024-08-23,15,2,26,3
5122,2024-05-28,209,4,90,1
5123,2023-09-04,134,4,58,3
5124,2023-01-26,21,4,69,1
5125,2024-07-06,76,2,69,1
5126,2023-04-13,130,4,45,3
5127,2023-03-12,172,1,1,1
5128,2024-04-16,10,3,79,5
5129,2024-06-10,42,2,64,3
5130,2023-02-11,250,2,40,5
5131,2024-03-04,38,1,91,4
5132,2024-08-01,160,4,33,3
5133,2024-02-23,90,3,44,3
5134,2023-11-27,225,1,73,4
5135,2024-05-28,181,4,26,3
5136,2023-01-22,278,3,54,5
5137,2024-01-21,10,3,51,3
5138,2024-06-26,109,3,93,4
5139,2024-06-04,154,5,30,1
5140,2023-11-11,222,3,58,1
5141,2023-07-07,171,3,66,2
5142,2023-05-15,190,1,15,4
5143,2024-04-10,46,2,1,2
5144,2024-04-04,110,1,14,5
5145,2023-07-21,202,2,33,3
5146,2023-11-26,105,5,10,4
5147,2024-08-05,258,3,26,2
5148,2024-07-19,200,4,76,3
5149,2023-09-09,293,3,2,3
5150,2023-10-14,226,3,13,5
5151,2024-02-16,101,4,17,2
5152,2023-10-18,121,3,80,1
5153,2023-05-26,64,5,46,1
5154,2023-08-21,295,5,17,3
5155,2024-01-02,254,3,47,5
5156,2023-02-18,289,1,67,4
5157,2023-12-01,66,4,50,4
5158,2024-08-18,160,2,39,1
5159,2023-09-04,238,2,6,5
5160,2023-10-22,18,1,38,1
5161,2024-05-21,152,3,74,2
5162,2023-12-17,107,2,2,1
5163,2023-10-18,95,3,49,2
5164,2024-01-02,168,1,18,2
5165,2023-10-11,136,2,53,2
5166,2024-01-03,185,3,55,1
5167,2024-07-31,68,4,90,1
5168,2023-06-05,245,3,3,1
5169,2023-03-22,58,5,65,3
5170,2023-03-30,93,4,82,3
5171,2023-09-06,206,4,9,2
5172,2024-04-20,200,1,50,2
5173,2024-02-10,290,3,42,3
5174,2024-07-09,244,3,52,4
5175,2024-04-28,12,3,98,4
5176,2023-01-15,83,3,17,5
5177,2024-06-09,47,1,82,3
5178,2023-02-18,7,4,93,2
5179,2023-07-16,143,1,47,5
5180,2024-05-26,75,1,43,3
5181,2023-06-09,73,3,38,4
5182,2023-02-15,24,3,71,2
5183,2024-03-18,128,4,15,3
5184,2024-01-24,138,5,37,2
5185,2023-09-01,5,3,29,2
5186,2023-10-28,85,2,52,5
5187,2023-06-18,150,5,62,1
5188,2023-12-07,110,4,35,2
5189,2023-09-02,285,3,26,5
5190,2023-10-23,172,2,23,4
5191,2023-01-29,7,3,43,4
5192,2024-08-03,27,1,73,5
5193,2024-04-30,292,4,24,5
5194,2023-08-28,231,4,33,1
5195,2023-05-24,229,3,34,4
5196,2023-11-05,182,2,79,2
5197,2023-11-21,257,5,47,2
5198,2024-07-28,12,1,15,4
5199,2024-05-09,275,4,39,1
5200,2023-08-17,94,2,7,3
5201,2024-06-21,300,5,34,2
5202,2023-08-03,127,1,37,3
5203,2023-04-24,74,5,32,2
5204,2024-03-07,297,3,59,1
5205,2023-09-06,253,4,56,4
5206,2023-08-16,214,3,43,5
5207,2023-04-21,91,3,28,1
5208,2024-05-04,53,5,58,1
5209,2023-11-04,248,5,15,3
5210,2023-09-14,234,3,92,4
5211,2023-09-21,266,4,76,2
5212,2023-07-03,177,4,85,2
5213,2023-01-13,178,3,86,4
5214,2024-07-29,61,5,12,3
5215,2023-06-09,157,5,3,2
5216,2024-03-11,90,3,26,5
5217,2023-09-10,65,5,96,2
5218,2024-08-02,33,5,50,1
5219,2023-01-01,88,3,34,3
5220,2024-02-25,134,1,23,5
5221,2023-04-29,283,1,62,3
5222,2024-02-05,4,3,50,3
5223,2023-06-12,268,4,8,3
5224,2023-06-16,41,1,72,5
5225,2023-11-13,57,5,99,2
5226,2023-06-11,223,5,40,3
5227,2024-02-21,34,4,29,2
5228,2024-07-08,72,5,45,5
5229,2023-09-29,212,1,75,3
5230,2023-01-01,255,1,86,2
5231,2023-09-25,138,3,87,2
5232,2023-05-17,82,5,84,3
5233,2023-11-10,270,1,17,3
5234,2024-02-26,263,1,73,5
5235,2023-02-02,165,1,73,2
5236,2023-06-20,299,3,35,1
5237,2024-05-24,273,5,64,3
5238,2023-07-25,52,5,7,1
5239,2023-10-06,67,2,42,5
5240,2024-08-07,190,4,25,4
5241,2024-07-21,90,5,3,3
5242,2023-08-30,162,5,48,1
5243,2024-08-19,280,1,24,2
5244,2023-01-19,60,5,29,2
5245,2024-08-16,236,1,26,2
5246,2023-06-03,97,1,60,3
5247,2023-11-02,49,1,10,5
5248,2023-01-07,235,5,2,1
5249,2023-09-15,183,4,60,4
5250,2024-01-16,184,5,3,3
5251,2024-03-22,226,1,46,1
5252,2024-05-13,292,5,81,2
5253,2023-03-16,235,4,95,3
5254,2024-06-14,195,2,81,5
5255,2023-03-03,153,5,98,4
5256,2023-09-18,252,4,5,3
5257,2023-03-10,15,1,1,4
5258,2023-03-15,258,3,60,3
5259,2023-08-11,42,4,81,3
5260,2023-08-19,246,4,93,5
5261,2023-01-06,159,2,22,3
5262,2023-06-25,144,3,16,4
5263,2023-01-25,141,4,87,1
5264,2024-07-01,20,3,15,3
5265,2023-06-25,224,1,22,4
5266,2023-07-23,151,4,78,3
5267,2024-06-09,200,4,2,1
5268,2024-03-10,232,2,60,3
5269,2023-03-09,243,2,44,1
5270,2023-02-07,88,1,39,4
5271,2023-08-06,116,4,96,3
5272,2024-06-21,299,1,64,4
5273,2024-08-11,210,1,59,2
5274,2023-07-09,296,4,19,4
5275,2024-05-18,272,1,11,3
5276,2023-11-23,134,2,56,1
5277,2024-04-24,289,5,63,2
5278,2024-03-08,279,4,38,2
5279,2023-02-25,81,3,15,2
5280,2023-01-10,125,1,47,3
5281,2024-05-19,83,3,76,3
5282,2024-06-27,267,2,4,1
5283,2024-08-03,26,4,62,4
5284,2024-05-14,137,3,3,1
5285,2023-02-18,6,1,25,3
5286,2023-01-10,123,1,98,1
5287,2024-08-02,53,3,48,4
5288,2023-06-09,4,5,100,2
5289,2024-02-04,10,1,41,3
5290,2024-01-15,200,2,80,1
5291,2023-06-24,167,2,4,4
5292,2024-05-21,5,4,18,2
5293,2023-01-16,246,5,32,2
5294,2024-07-09,42,4,53,3
5295,2024-08-04,153,2,25,3
5296,2023-01-17,285,3,71,1
5297,2023-06-17,98,4,1,5
5298,2023-07-08,249,1,66,2
5299,2023-07-18,185,5,30,3
5300,2023-09-05,88,3,5,1
5301,2024-05-17,50,2,68,1
5302,2024-06-01,69,2,11,1
5303,2023-12-02,166,1,38,3
5304,2024-04-19,114,4,51,5
5305,2023-12-25,165,4,56,5
5306,2024-03-24,6,5,62,5
5307,2023-12-27,229,2,79,4
5308,2024-04-23,212,1,65,3
5309,2023-07-20,243,2,3,3
5310,2023-12-03,241,5,12,2
5311,2023-12-08,198,2,30,2
5312,2023-01-09,44,1,49,2
5313,2023-12-11,93,2,29,4
5314,2023-01-12,248,2,65,1
5315,2024-03-07,2,4,1,1
5316,2023-05-24,34,2,10,5
5317,2023-06-20,217,4,33,5
5318,2024-05-21,156,2,100,5
5319,2023-07-15,147,3,68,2
5320,2024-07-21,23,1,43,1
5321,2024-08-03,124,4,100,1
5322,2023-10-08,247,4,54,1
5323,2024-06-25,60,2,73,5
5324,2023-03-15,143,3,42,5
5325,2023-04-10,56,1,59,1
5326,2024-04-13,233,3,81,5
5327,2023-10-15,209,4,87,1
5328,2024-04-26,171,1,96,5
5329,2024-06-25,45,2,91,3
5330,2023-03-13,149,5,45,3
5331,2024-07-24,41,3,74,5
5332,2023-09-13,71,1,58,3
5333,2023-07-23,75,4,26,4
5334,2023-05-22,183,4,44,1
5335,2023-10-11,16,2,2,2
5336,2023-02-28,185,5,3,1
5337,2023-02-03,292,2,79,4
5338,2024-01-10,280,1,48,1
5339,2023-10-19,123,5,80,5
5340,2023-02-03,69,4,15,2
5341,2023-06-26,299,4,69,2
5342,2023-06-08,201,3,53,1
5343,2023-03-04,7,2,91,1
5344,2023-09-09,11,1,93,3
5345,2023-08-31,76,1,56,1
5346,2023-02-15,151,5,31,4
5347,2023-07-24,277,5,6,1
5348,2023-03-13,216,3,6,1
5349,2023-02-11,148,5,65,5
5350,2023-03-07,115,3,8,5
5351,2023-01-05,11,4,70,2
5352,2023-03-08,208,5,93,5
5353,2023-01-11,86,3,86,5
5354,2023-01-09,22,4,65,2
5355,2023-01-28,299,5,12,2
5356,2024-02-03,53,5,68,3
5357,2023-04-13,85,3,77,3
5358,2024-03-17,75,5,35,2
5359,2023-05-18,113,3,61,4
5360,2024-06-19,198,3,42,3
5361,2023-01-04,209,5,69,5
5362,2023-01-26,61,4,3,1
5363,2023-03-23,92,4,74,3
5364,2024-01-01,296,3,25,1
5365,2023-05-17,232,1,100,3
5366,2024-04-29,55,4,56,4
5367,2024-01-07,9,3,96,5
5368,2023-04-28,199,5,95,2
5369,2023-04-11,154,3,24,1
5370,2023-02-06,33,1,26,3
5371,2023-05-19,180,1,23,1
5372,2023-08-14,28,2,17,1
5373,2023-11-19,61,5,9,3
5374,2024-01-16,219,5,14,4
5375,2023-02-03,277,1,52,3
5376,2024-05-17,89,3,84,1
5377,2023-06-05,100,1,86,3
5378,2023-04-15,291,2,23,1
5379,2023-09-08,249,3,93,4
5380,2023-02-22,286,5,1,4
5381,2023-08-20,120,1,32,4
5382,2023-01-27,140,2,61,2
5383,2023-07-05,192,3,60,2
5384,2024-04-01,152,4,84,3
5385,2024-02-14,44,1,49,5
5386,2024-04-20,142,5,41,3
5387,2023-10-02,223,3,43,1
5388,2023-02-11,172,4,27,5
5389,2023-01-16,59,2,70,3
5390,2023-05-13,86,2,89,4
5391,2023-09-27,110,3,30,1
5392,2024-01-02,248,3,46,4
5393,2023-12-03,175,4,28,3
5394,2023-01-18,298,3,90,4
5395,2023-07-10,277,2,23,1
5396,2024-08-05,274,3,22,1
5397,2023-12-16,214,4,67,2
5398,2023-09-22,101,4,1,1
5399,2023-07-20,230,1,83,1
5400,2023-11-23,268,1,51,1
5401,2023-01-01,135,5,16,1
5402,2024-08-03,148,2,24,4
5403,2024-07-03,70,1,90,4
5404,2024-08-13,174,5,87,5
5405,2023-12-21,236,1,24,4
5406,2023-06-22,135,1,97,5
5407,2023-05-23,271,2,4,5
5408,2024-06-27,19,3,4,2
5409,2023-02-23,224,3,69,3
5410,2024-07-30,147,5,65,2
5411,2023-08-12,30,3,76,1
5412,2024-05-05,203,1,29,4
5413,2023-12-17,244,3,99,4
5414,2023-10-04,78,5,17,3
5415,2023-12-07,225,1,66,3
5416,2023-06-19,261,5,55,2
5417,2023-06-21,10,2,36,4
5418,2023-03-28,31,3,54,3
5419,2023-04-18,198,4,5,5
5420,2023-04-08,148,3,81,4
5421,2023-02-09,12,1,50,1
5422,2023-01-31,208,3,40,4
5423,2024-07-08,71,5,70,2
5424,2024-05-03,14,2,22,4
5425,2024-06-17,158,2,60,5
5426,2023-04-24,223,3,78,1
5427,2023-08-23,107,5,78,1
5428,2024-06-12,128,2,5,2
5429,2024-02-21,214,2,26,4
5430,2024-02-03,240,5,98,1
5431,2024-01-18,36,2,31,5
5432,2024-06-08,178,3,96,2
5433,2024-04-17,191,4,22,2
5434,2023-12-28,297,2,80,4
5435,2023-03-30,229,5,59,1
5436,2023-11-08,271,5,6,2
5437,2023-08-28,261,1,82,1
5438,2024-07-11,282,5,50,2
5439,2023-04-22,291,3,24,4
5440,2023-09-07,288,2,71,2
5441,2024-06-03,229,2,79,4
5442,2024-07-27,110,2,40,3
5443,2023-04-13,296,3,50,3
5444,2023-01-17,199,4,92,1
5445,2023-12-10,182,3,45,3
5446,2024-08-17,265,4,45,1
5447,2023-01-01,191,2,28,1
5448,2024-04-07,192,3,1,5
5449,2024-02-25,136,3,72,4
5450,2023-09-04,46,3,11,3
5451,2023-08-31,142,5,59,4
5452,2023-10-26,24,5,74,4
5453,2024-05-23,197,2,82,4
5454,2024-06-07,178,2,72,2
5455,2024-04-08,208,3,78,2
5456,2023-08-02,180,1,9,1
5457,2023-01-10,43,2,82,3
5458,2023-06-08,132,5,60,1
5459,2024-01-26,167,2,96,2
5460,2023-12-17,72,4,89,1
5461,2024-05-23,276,1,82,3
5462,2023-06-11,100,1,11,2
5463,2023-01-17,113,4,74,1
5464,2023-06-23,183,3,94,5
5465,2023-10-20,167,1,60,1
5466,2024-03-16,244,5,72,4
5467,2023-06-21,3,2,64,1
5468,2023-05-20,263,3,89,4
5469,2024-01-29,156,5,60,2
5470,2023-06-11,109,4,19,1
5471,2024-02-03,264,5,80,5
5472,2023-12-20,186,2,44,5
5473,2024-05-17,69,3,63,3
5474,2023-10-04,294,5,21,3
5475,2023-09-10,44,5,55,3
5476,2024-03-16,198,4,83,5
5477,2024-02-09,67,1,81,1
5478,2023-05-15,23,4,80,2
5479,2023-06-16,92,3,69,1
5480,2024-03-21,154,4,20,1
5481,2024-02-08,122,2,4,5
5482,2023-12-12,17,1,70,2
5483,2023-08-05,48,3,43,4
5484,2023-12-03,174,3,17,3
5485,2023-10-06,164,1,25,1
5486,2023-12-19,264,2,57,3
5487,2023-05-08,41,3,57,1
5488,2023-08-10,95,5,94,2
5489,2023-04-04,134,1,41,1
5490,2023-05-09,172,4,74,5
5491,2023-10-09,211,1,81,3
5492,2024-06-02,59,2,5,5
5493,2024-05-15,236,5,61,3
5494,2023-06-06,64,1,61,2
5495,2024-03-11,238,3,90,1
5496,2024-06-30,261,5,62,3
5497,2024-01-16,154,3,68,2
5498,2023-07-21,9,2,4,5
5499,2023-01-14,131,1,43,4
5500,2023-09-23,67,1,11,4
5501,2023-01-14,203,1,87,3
5502,2023-11-28,80,5,81,2
5503,2024-01-22,255,4,26,5
5504,2023-06-23,68,2,22,4
5505,2024-08-10,166,5,55,3
5506,2024-05-13,18,2,100,2
5507,2023-03-27,54,3,2,3
5508,2023-06-03,34,3,41,4
5509,2023-05-16,125,1,9,3
5510,2023-08-21,184,4,65,4
5511,2024-08-18,147,2,91,3
5512,2023-12-17,198,3,97,5
5513,2024-07-09,189,1,40,3
5514,2023-12-07,129,5,8,1
5515,2023-08-14,155,3,67,2
5516,2024-03-19,58,3,56,5
5517,2023-08-27,137,1,56,2
5518,2024-03-15,192,5,66,2
5519,2023-09-17,10,2,58,1
5520,2023-08-13,164,4,70,5
5521,2023-09-10,222,2,97,1
5522,2024-05-23,224,4,81,5
5523,2023-05-23,146,3,50,4
5524,2024-01-06,199,5,6,4
5525,2023-06-14,295,3,88,3
5526,2023-09-05,32,5,25,2
5527,2023-02-06,137,5,69,3
5528,2023-02-12,49,5,6,3
5529,2023-05-30,278,3,57,2
5530,2024-05-01,232,4,34,4
5531,2023-10-20,75,3,74,4
5532,2024-01-20,180,3,24,1
5533,2024-02-11,252,1,26,3
5534,2024-01-22,238,1,28,4
5535,2024-04-17,28,5,67,1
5536,2023-08-09,96,5,35,5
5537,2023-12-25,76,3,67,1
5538,2024-01-14,47,2,53,1
5539,2023-05-23,210,1,4,1
5540,2023-01-25,26,1,23,1
5541,2024-02-20,205,3,3,2
5542,2024-04-04,266,2,5,1
5543,2023-03-06,83,1,35,3
5544,2023-04-21,251,3,26,4
5545,2023-05-15,6,5,31,2
5546,2023-05-04,44,5,81,3
5547,2024-06-19,11,4,44,5
5548,2023-05-28,119,4,8,5
5549,2023-03-20,269,4,58,4
5550,2023-01-05,107,2,12,4
5551,2023-03-09,218,4,97,3
5552,2023-05-02,51,1,42,4
5553,2024-05-05,213,5,76,4
5554,2024-04-01,8,1,94,3
5555,2024-04-07,70,1,90,1
5556,2023-05-07,116,3,34,3
5557,2023-10-14,114,3,17,1
5558,2023-01-31,224,4,79,5
5559,2023-07-06,259,3,42,3
5560,2024-03-29,98,1,16,5
5561,2024-04-20,288,2,19,4
5562,2023-07-10,64,2,58,3
5563,2023-11-07,99,3,72,5
5564,2023-09-14,277,3,79,2
5565,2024-01-06,39,2,61,4
5566,2024-06-10,132,3,39,5
5567,2024-07-06,245,1,51,1
5568,2024-06-17,284,1,38,2
5569,2024-02-15,290,5,19,4
5570,2023-06-15,296,2,8,1
5571,2024-05-08,159,3,83,1
5572,2023-08-08,145,2,24,1
5573,2024-01-23,269,2,76,1
5574,2023-08-25,202,1,39,3
5575,2024-03-29,66,2,9,4
5576,2023-04-07,134,1,71,1
5577,2023-09-11,197,5,57,5
5578,2023-10-20,77,5,90,2
5579,2024-02-09,73,5,67,1
5580,2024-08-08,202,4,27,5
5581,2024-06-05,113,5,68,2
5582,2024-02-20,119,1,70,3
5583,2023-12-04,251,3,90,1
5584,2023-11-06,64,3,100,4
5585,2023-03-24,4,3,96,4
5586,2023-11-21,249,2,6,5
5587,2024-05-04,33,3,2,5
5588,2023-02-13,145,5,24,4
5589,2023-05-31,156,2,12,2
5590,2023-05-10,239,4,85,5
5591,2024-06-06,223,1,17,5
5592,2023-10-23,74,4,18,4
5593,2023-03-30,96,4,77,2
5594,2024-08-22,188,3,10,4
5595,2024-07-13,229,4,100,5
5596,2024-04-16,24,1,88,1
5597,2023-07-12,75,3,23,5
5598,2023-11-22,94,1,86,2
5599,2023-12-14,206,4,26,2
5600,2024-06-25,243,5,72,3
5601,2023-08-09,182,1,93,3
5602,2023-07-29,260,3,38,3
5603,2023-02-06,300,2,29,4
5604,2023-09-17,119,5,12,2
5605,2023-08-31,18,4,68,1
5606,2023-06-05,300,4,10,5
5607,2023-07-15,41,2,69,2
5608,2023-04-08,31,2,37,4
5609,2023-02-13,215,3,76,5
5610,2023-05-07,171,3,21,3
5611,2023-01-04,61,2,94,5
5612,2024-07-18,194,5,6,1
5613,2023-01-14,243,2,93,5
5614,2024-02-02,54,3,50,5
5615,2024-06-03,238,4,98,3
5616,2023-07-28,234,3,18,1
5617,2023-04-14,73,3,12,2
5618,2024-04-08,79,1,20,5
5619,2023-12-02,244,1,37,5
5620,2023-05-19,32,2,10,2
5621,2024-07-28,192,2,25,5
5622,2024-03-12,25,5,5,5
5623,2023-04-28,68,5,86,5
5624,2024-04-01,2,3,29,1
5625,2023-11-18,240,3,80,1
5626,2024-01-07,250,3,13,2
5627,2024-05-23,233,5,19,1
5628,2023-09-18,143,2,7,1
5629,2023-07-17,14,5,51,1
5630,2023-07-06,259,4,9,3
5631,2024-03-11,195,4,43,3
5632,2023-02-10,58,5,61,1
5633,2024-07-14,66,1,79,4
5634,2024-04-13,167,1,54,5
5635,2024-03-07,85,4,81,1
5636,2023-07-06,233,2,84,1
5637,2024-03-16,241,5,10,5
5638,2024-05-19,22,2,55,2
5639,2024-08-06,110,1,86,1
5640,2024-04-06,281,2,71,1
5641,2024-06-07,101,1,37,2
5642,2024-01-04,125,3,51,2
5643,2023-07-16,111,5,92,5
5644,2024-03-08,191,3,28,4
5645,2024-07-13,195,4,68,3
5646,2024-02-05,178,5,23,1
5647,2023-04-18,64,3,21,3
5648,2023-02-27,279,4,85,5
5649,2023-01-03,221,4,46,3
5650,2024-01-06,71,1,41,1
5651,2024-08-06,166,3,65,5
5652,2023-08-02,18,2,5,5
5653,2024-08-18,69,2,80,2
5654,2024-06-15,107,1,98,3
5655,2024-07-09,37,4,50,1
5656,2023-04-15,64,3,13,1
5657,2024-02-22,159,3,57,3
5658,2024-03-28,15,2,75,2
5659,2024-05-05,212,5,79,3
5660,2023-12-30,57,5,32,2
5661,2023-11-25,192,5,60,4
5662,2024-05-08,53,5,69,1
5663,2023-06-14,251,3,13,5
5664,2024-04-22,120,4,35,3
5665,2024-06-16,300,4,100,4
5666,2024-02-02,50,2,96,2
5667,2023-03-30,295,1,67,5
5668,2023-11-03,216,4,66,4
5669,2023-05-23,3,5,58,5
5670,2023-02-13,296,5,26,2
5671,2024-04-11,120,3,40,4
5672,2023-08-28,72,2,88,2
5673,2023-10-09,128,5,12,2
5674,2023-08-30,170,4,18,5
5675,2024-03-04,297,1,57,3
5676,2024-07-13,235,1,61,3
5677,2023-04-18,174,2,35,1
5678,2023-05-10,196,3,72,3
5679,2023-01-20,136,4,41,2
5680,2024-02-12,72,1,96,2
5681,2024-07-17,53,2,25,4
5682,2023-10-02,220,2,36,3
5683,2023-06-13,18,3,69,5
5684,2023-12-27,165,5,36,2
5685,2023-07-06,84,5,41,3
5686,2023-01-11,173,1,7,3
5687,2023-11-18,97,4,52,2
5688,2023-11-02,141,5,14,2
5689,2023-12-08,211,2,48,5
5690,2024-07-18,60,1,15,3
5691,2023-04-05,208,3,15,2
5692,2024-06-08,259,1,11,2
5693,2023-03-12,201,2,59,1
5694,2024-01-01,141,5,100,1
5695,2023-12-25,259,5,73,2
5696,2023-10-28,43,3,49,4
5697,2024-01-09,211,3,84,1
5698,2024-04-10,101,1,7,4
5699,2023-02-22,6,3,46,4
5700,2023-08-06,5,1,63,5
5701,2023-03-29,27,5,8,4
5702,2023-01-15,165,2,63,4
5703,2024-04-12,172,5,96,3
5704,2023-01-21,281,5,66,5
5705,2023-10-10,245,1,43,2
5706,2023-08-10,112,2,20,4
5707,2024-02-28,208,2,43,1
5708,2023-04-17,286,2,23,3
5709,2024-01-26,140,5,1,2
5710,2023-04-09,131,5,65,4
5711,2024-07-01,39,4,6,3
5712,2023-06-14,297,1,62,4
5713,2024-08-14,266,5,89,2
5714,2023-08-08,231,5,52,3
5715,2024-06-02,215,3,37,5
5716,2023-02-02,26,1,51,2
5717,2023-08-28,37,1,44,4
5718,2024-03-30,57,2,92,1
5719,2023-02-16,66,3,93,2
5720,2023-06-12,157,2,37,4
5721,2023-08-26,297,1,26,2
5722,2023-06-21,284,5,9,4
5723,2023-06-23,277,2,66,1
5724,2023-11-16,58,2,99,2
5725,2023-03-08,123,5,46,3
5726,2023-02-13,295,5,17,1
5727,2023-04-18,279,2,18,3
5728,2023-03-18,11,1,30,4
5729,2024-01-13,143,1,58,1
5730,2023-06-26,178,4,39,3
5731,2024-02-06,234,1,42,2
5732,2023-02-11,251,5,2,5
5733,2024-04-25,199,4,42,4
5734,2024-05-20,236,2,1,4
5735,2024-01-01,119,5,59,3
5736,2023-04-29,240,2,9,2
5737,2023-05-05,230,5,78,5
5738,2024-04-26,167,1,39,1
5739,2024-05-23,74,5,29,4
5740,2024-08-14,108,1,53,2
5741,2023-02-10,58,5,64,5
5742,2024-06-17,14,4,2,5
5743,2023-05-30,227,1,23,1
5744,2023-05-13,135,1,5,1
5745,2024-05-12,74,3,31,1
5746,2023-03-06,175,4,84,3
5747,2024-04-27,193,1,92,1
5748,2023-02-08,169,2,34,3
5749,2023-06-22,60,1,39,1
5750,2024-01-11,105,3,76,3
5751,2024-07-27,94,1,72,2
5752,2024-06-01,106,2,54,5
5753,2024-02-04,166,1,61,2
5754,2023-01-15,40,2,10,3
5755,2024-03-28,156,4,45,4
5756,2023-03-08,245,5,46,4
5757,2023-08-12,289,2,36,5
5758,2023-09-06,65,5,11,4
5759,2024-02-26,111,4,63,5
5760,2024-06-16,166,5,35,2
5761,2023-06-20,125,2,47,2
5762,2023-02-25,185,1,53,5
5763,2023-09-28,279,1,23,2
5764,2023-07-24,9,4,16,3
5765,2023-01-10,201,5,100,3
5766,2024-06-12,97,2,43,2
5767,2023-07-15,54,4,39,5
5768,2024-08-12,118,3,91,2
5769,2023-07-24,54,5,67,5
5770,2023-12-27,282,3,84,5
5771,2024-02-08,190,1,25,4
5772,2023-10-15,121,2,77,2
5773,2023-12-02,192,3,49,3
5774,2023-02-09,233,1,40,1
5775,2023-03-20,70,3,62,3
5776,2024-05-04,155,4,74,2
5777,2023-10-11,34,5,73,2
5778,2024-03-05,19,1,58,1
5779,2023-01-09,206,3,35,4
5780,2023-04-28,80,2,67,5
5781,2024-03-21,20,5,16,1
5782,2023-12-19,101,3,95,4
5783,2023-03-19,66,3,9,1
5784,2023-11-08,66,5,72,2
5785,2023-03-18,172,2,59,5
5786,2023-12-15,3,3,30,4
5787,2023-05-12,272,3,92,3
5788,2024-04-29,279,2,93,3
5789,2024-01-23,84,1,7,5
5790,2023-09-05,78,1,49,3
5791,2023-05-09,81,5,4,5
5792,2023-08-26,232,1,65,1
5793,2023-05-13,47,3,90,2
5794,2024-02-05,159,1,52,2
5795,2024-05-16,250,5,81,4
5796,2023-10-23,40,3,18,2
5797,2023-10-14,115,4,84,1
5798,2023-07-28,54,1,62,1
5799,2024-08-03,147,5,76,5
5800,2024-02-25,6,1,5,5
5801,2024-03-30,286,3,55,5
5802,2024-01-09,65,4,89,2
5803,2023-02-24,231,2,8,1
5804,2024-04-09,262,3,87,4
5805,2024-02-08,73,5,52,4
5806,2023-06-26,55,4,51,2
5807,2024-03-06,86,4,72,1
5808,2023-04-03,159,2,40,2
5809,2023-08-13,47,5,41,3
5810,2023-04-22,278,2,1,1
5811,2023-12-28,270,5,91,2
5812,2023-08-12,113,3,12,3
5813,2024-04-01,118,4,9,4
5814,2023-04-27,137,5,69,5
5815,2023-11-08,44,4,53,3
5816,2023-03-03,179,2,97,4
5817,2024-04-05,111,2,28,5
5818,2024-01-25,151,5,13,4
5819,2023-09-19,74,1,77,1
5820,2023-01-18,231,4,3,3
5821,2023-12-18,27,2,41,1
5822,2024-03-16,258,3,44,5
5823,2023-07-22,67,2,19,1
5824,2024-06-28,66,5,35,3
5825,2024-05-23,47,2,52,2
5826,2024-08-19,256,1,100,2
5827,2023-10-15,75,4,42,2
5828,2024-08-20,33,1,62,4
5829,2024-08-21,251,1,52,3
5830,2023-10-07,286,3,8,4
5831,2023-11-28,256,5,100,3
5832,2024-05-19,215,5,54,5
5833,2023-04-05,94,1,47,2
5834,2023-06-25,178,4,83,5
5835,2023-02-02,106,3,28,3
5836,2023-08-16,152,2,25,5
5837,2023-05-09,289,5,95,1
5838,2023-02-09,6,3,33,2
5839,2023-06-28,172,3,13,1
5840,2023-09-16,45,1,57,2
5841,2023-09-05,260,3,19,5
5842,2023-12-02,67,2,71,3
5843,2024-02-04,100,3,7,1
5844,2023-06-04,242,2,5,2
5845,2023-10-26,241,3,40,4
5846,2023-01-09,180,3,24,4
5847,2024-06-27,151,3,92,3
5848,2023-06-19,264,3,28,4
5849,2023-09-14,81,2,37,5
5850,2023-03-27,162,2,68,5
5851,2024-07-15,69,1,5,4
5852,2024-03-12,263,3,45,4
5853,2024-02-24,9,2,65,5
5854,2023-02-25,44,5,5,3
5855,2023-05-02,11,5,24,1
5856,2024-05-28,255,3,86,5
5857,2023-01-28,130,2,31,1
5858,2023-09-07,52,5,15,4
5859,2023-07-12,284,2,85,2
5860,2023-01-03,280,2,75,4
5861,2024-02-04,107,5,49,3
5862,2023-10-21,157,1,20,3
5863,2024-03-01,71,3,5,2
5864,2023-09-25,116,5,57,2
5865,2024-02-09,32,2,71,1
5866,2023-09-23,10,3,24,3
5867,2023-02-14,262,3,37,5
5868,2024-02-21,152,2,47,5
5869,2024-02-26,66,1,43,1
5870,2024-03-05,267,3,85,5
5871,2024-01-13,203,1,66,3
5872,2023-11-10,267,4,95,2
5873,2023-06-01,110,1,89,5
5874,2024-04-10,279,2,36,5
5875,2024-03-09,2,5,1,2
5876,2023-03-06,159,3,88,2
5877,2024-04-30,179,3,46,5
5878,2024-03-06,214,2,3,2
5879,2023-03-08,208,4,82,1
5880,2024-08-21,236,5,91,3
5881,2024-07-14,175,3,48,2
5882,2024-04-21,28,3,72,3
5883,2024-02-23,63,1,12,5
5884,2023-09-30,9,3,45,5
5885,2023-03-21,218,3,99,3
5886,2023-06-03,103,2,84,1
5887,2023-01-23,127,1,22,2
5888,2023-07-26,50,4,60,5
5889,2023-07-27,276,3,87,3
5890,2023-06-18,251,2,44,5
5891,2024-05-12,104,1,5,1
5892,2024-05-26,23,1,21,1
5893,2023-09-12,132,1,89,4
5894,2023-08-17,201,5,72,2
5895,2023-06-03,219,5,24,4
5896,2023-01-23,51,4,65,1
5897,2023-03-12,208,2,62,1
5898,2024-01-08,13,3,14,1
5899,2023-11-28,134,4,93,4
5900,2024-06-12,244,4,97,5
5901,2024-06-14,23,1,73,2
5902,2023-11-11,287,1,24,5
5903,2023-05-24,65,1,40,5
5904,2024-04-23,269,5,76,2
5905,2023-04-13,269,2,8,5
5906,2024-02-07,285,5,55,1
5907,2023-04-19,88,5,13,4
5908,2023-06-26,258,5,17,4
5909,2023-11-29,119,4,53,2
5910,2023-12-14,177,1,15,5
5911,2023-12-07,138,4,86,3
5912,2023-10-02,187,3,80,4
5913,2023-04-20,197,2,20,2
5914,2023-04-14,36,4,74,2
5915,2023-05-19,130,3,54,2
5916,2023-06-30,277,5,28,4
5917,2023-09-14,71,2,72,4
5918,2023-03-24,266,2,4,3
5919,2023-12-03,185,1,64,4
5920,2024-02-22,243,1,64,3
5921,2023-06-05,152,2,31,3
5922,2023-05-09,58,1,90,3
5923,2024-03-22,204,2,49,4
5924,2023-11-22,95,1,40,4
5925,2023-08-06,200,5,9,5
5926,2023-11-19,222,3,1,1
5927,2024-04-12,52,1,34,2
5928,2023-09-24,279,5,92,2
5929,2024-04-01,23,3,42,3
5930,2023-06-19,106,2,68,1
5931,2024-05-01,186,3,39,2
5932,2023-06-25,170,4,22,2
5933,2023-07-09,142,4,84,4
5934,2023-08-05,263,5,54,1
5935,2023-06-07,66,3,65,2
5936,2024-08-10,58,2,43,5
5937,2024-03-18,142,5,20,5
5938,2024-07-20,213,2,30,2
5939,2023-03-21,248,1,93,4
5940,2024-05-09,177,2,65,1
5941,2023-12-09,110,1,53,3
5942,2024-06-29,197,2,10,2
5943,2024-03-15,265,4,46,5
5944,2024-05-20,265,4,95,5
5945,2023-10-12,213,1,68,2
5946,2024-04-22,135,3,9,3
5947,2023-06-30,58,5,40,2
5948,2024-01-08,157,1,73,1
5949,2023-07-31,95,3,69,2
5950,2023-01-18,146,4,26,3
5951,2024-04-02,216,4,61,3
5952,2023-11-18,237,3,95,5
5953,2024-03-27,146,4,14,1
5954,2023-08-04,61,3,31,4
5955,2024-06-06,2,5,4,1
5956,2024-03-27,241,4,4,1
5957,2023-05-23,158,4,39,4
5958,2023-03-03,75,3,42,5
5959,2024-07-10,83,3,100,3
5960,2023-02-07,95,2,75,4
5961,2024-05-17,169,3,100,2
5962,2023-07-09,298,2,27,4
5963,2023-11-08,226,4,25,1
5964,2024-07-20,78,3,44,3
5965,2023-12-10,25,3,11,5
5966,2024-02-08,137,3,44,1
5967,2024-07-18,196,3,71,5
5968,2023-10-18,191,1,64,1
5969,2023-08-12,179,4,88,3
5970,2024-02-28,12,2,53,4
5971,2024-01-12,283,1,54,4
5972,2023-04-13,206,2,89,1
5973,2023-11-05,233,4,94,4
5974,2024-03-03,178,2,8,1
5975,2024-03-01,275,5,4,1
5976,2024-05-07,265,2,22,5
5977,2023-01-04,225,1,79,2
5978,2024-08-21,27,1,56,4
5979,2024-06-20,131,3,6,2
5980,2024-03-06,10,1,54,4
5981,2024-08-18,52,2,33,1
5982,2024-02-20,68,2,33,4
5983,2024-08-22,206,4,27,3
5984,2023-08-07,295,4,42,3
5985,2023-05-31,87,5,60,4
5986,2023-04-29,214,3,20,1
5987,2024-01-02,162,4,32,3
5988,2024-08-01,144,4,13,4
5989,2023-01-04,222,4,66,5
5990,2024-04-24,299,1,4,3
5991,2024-06-09,194,4,32,1
5992,2024-01-09,253,3,52,4
5993,2023-12-07,23,1,97,3
5994,2023-09-05,97,1,5,4
5995,2023-11-26,144,3,80,5
5996,2023-07-13,70,3,24,2
5997,2024-02-16,13,5,30,5
5998,2024-02-11,13,1,68,4
5999,2023-06-10,73,3,97,2
6000,2023-12-02,80,3,56,5
6001,2023-12-11,205,5,39,1
6002,2023-09-05,30,3,83,2
6003,2023-04-04,167,5,68,3
6004,2024-01-27,13,1,75,4
6005,2023-12-19,129,3,49,1
6006,2023-08-22,253,5,75,1
6007,2024-03-12,236,2,3,3
6008,2024-01-24,73,1,82,2
6009,2023-11-15,26,2,3,5
6010,2023-08-12,251,4,46,2
6011,2024-03-09,211,4,22,4
6012,2023-09-25,217,3,37,5
6013,2024-06-11,84,5,96,1
6014,2024-02-17,276,4,81,5
6015,2024-03-20,58,3,69,3
6016,2024-02-19,93,1,54,5
6017,2024-01-30,64,2,2,5
6018,2024-01-30,223,5,54,1
6019,2024-02-10,278,5,77,5
6020,2023-02-01,89,5,38,2
6021,2023-04-07,14,2,93,4
6022,2024-03-12,255,4,5,2
6023,2023-03-13,71,2,76,4
6024,2023-05-16,207,4,9,4
6025,2023-08-31,55,2,62,3
6026,2023-12-05,127,2,86,5
6027,2023-09-30,250,3,60,2
6028,2023-08-30,20,2,68,5
6029,2023-02-14,142,1,47,5
6030,2024-06-03,197,2,74,4
6031,2023-05-19,282,3,100,5
6032,2023-04-30,157,3,100,5
6033,2024-05-29,221,5,82,1
6034,2023-03-03,125,3,53,5
6035,2023-08-21,77,4,33,2
6036,2023-07-08,225,5,27,2
6037,2023-02-27,244,5,31,1
6038,2023-01-31,239,5,83,2
6039,2023-12-16,93,1,10,5
6040,2024-03-16,198,1,39,2
6041,2024-04-11,84,4,35,3
6042,2023-05-28,195,1,24,3
6043,2024-01-27,243,1,20,5
6044,2023-09-06,23,3,35,3
6045,2023-06-17,258,3,77,4
6046,2023-06-22,290,4,59,4
6047,2023-05-29,285,2,58,3
6048,2023-11-26,60,2,5,1
6049,2023-03-15,96,4,13,2
6050,2023-09-06,114,1,45,4
6051,2023-07-25,214,3,25,5
6052,2023-02-03,103,4,33,1
6053,2023-08-14,156,4,42,1
6054,2023-03-02,257,1,56,2
6055,2024-01-20,32,4,4,5
6056,2024-07-30,113,3,84,4
6057,2024-02-18,218,2,39,4
6058,2024-08-01,289,2,61,1
6059,2024-08-19,37,2,80,3
6060,2023-07-06,244,2,10,1
6061,2023-08-13,210,3,16,4
6062,2023-11-05,217,5,50,4
6063,2023-12-17,273,3,53,3
6064,2023-02-13,73,4,7,2
6065,2023-09-29,152,3,37,3
6066,2023-04-05,215,1,21,5
6067,2024-06-23,74,5,52,2
6068,2023-03-14,259,3,70,4
6069,2023-07-05,183,2,93,3
6070,2023-05-28,222,4,83,2
6071,2024-01-14,259,3,76,2
6072,2024-06-01,152,5,8,5
6073,2024-01-03,115,4,69,2
6074,2024-05-27,152,1,65,3
6075,2024-06-13,57,2,68,2
6076,2024-08-02,179,2,74,4
6077,2023-05-08,141,1,56,4
6078,2023-04-13,11,1,69,4
6079,2024-02-22,276,4,67,1
6080,2023-09-02,206,5,36,3
6081,2023-08-15,216,4,7,5
6082,2023-06-09,291,2,8,5
6083,2024-03-09,133,5,20,1
6084,2023-09-07,113,5,76,2
6085,2023-08-29,91,4,45,5
6086,2023-06-14,92,5,92,4
6087,2023-09-15,147,4,89,1
6088,2023-07-31,6,3,48,1
6089,2024-04-15,185,2,91,5
6090,2024-05-17,155,1,9,5
6091,2023-06-19,135,2,14,1
6092,2024-07-31,62,4,26,4
6093,2024-03-23,218,5,48,1
6094,2023-07-02,48,5,53,1
6095,2024-08-16,232,1,87,5
6096,2023-08-24,66,4,19,4
6097,2024-03-30,265,1,86,1
6098,2023-12-23,115,5,82,2
6099,2023-01-04,249,1,84,1
6100,2023-07-28,118,3,60,3
6101,2023-03-18,31,3,57,2
6102,2023-11-02,65,4,41,1
6103,2023-09-01,222,3,61,4
6104,2024-01-23,176,1,24,1
6105,2023-02-28,44,3,17,2
6106,2023-06-15,171,5,65,3
6107,2023-01-09,69,2,6,2
6108,2024-04-16,173,3,11,1
6109,2023-07-27,86,5,90,1
6110,2024-03-02,124,1,9,1
6111,2024-05-12,290,2,16,3
6112,2023-03-16,74,4,4,1
6113,2024-02-03,136,4,35,5
6114,2023-07-01,148,3,55,4
6115,2023-08-15,88,3,15,3
6116,2023-08-08,53,2,69,1
6117,2023-08-14,265,1,21,2
6118,2023-10-06,253,3,78,5
6119,2023-08-07,37,4,94,2
6120,2024-03-12,45,3,47,4
6121,2023-10-31,83,2,3,4
6122,2023-09-11,247,2,82,2
6123,2024-07-16,27,5,83,2
6124,2024-08-11,289,4,94,2
6125,2024-05-18,139,3,65,4
6126,2024-04-30,85,2,79,1
6127,2023-05-29,49,1,13,5
6128,2024-03-23,203,5,23,5
6129,2024-02-12,140,3,47,4
6130,2023-06-11,18,3,37,2
6131,2023-05-12,24,5,85,2
6132,2024-06-03,140,3,53,1
6133,2023-12-24,11,2,51,5
6134,2023-05-29,298,1,71,2
6135,2023-07-28,169,2,4,1
6136,2023-11-11,263,3,63,5
6137,2024-01-23,297,2,98,2
6138,2023-11-05,6,2,73,4
6139,2023-12-09,176,1,7,5
6140,2024-03-02,186,5,27,1
6141,2024-02-27,165,5,5,1
6142,2024-01-23,275,1,91,2
6143,2024-04-25,165,2,9,2
6144,2023-04-09,24,1,65,2
6145,2023-01-20,91,2,91,4
6146,2023-03-10,25,3,11,2
6147,2024-03-03,258,3,30,4
6148,2024-01-03,19,3,94,1
6149,2023-06-06,48,5,20,2
6150,2024-04-30,98,4,61,3
6151,2024-05-17,57,1,16,4
6152,2023-08-29,85,1,67,3
6153,2023-12-21,94,4,67,3
6154,2024-03-25,224,3,23,5
6155,2023-03-28,51,4,80,1
6156,2023-11-10,53,2,7,3
6157,2023-02-03,205,3,70,1
6158,2023-03-17,36,4,57,1
6159,2023-06-24,138,5,44,5
6160,2024-05-04,202,2,86,4
6161,2023-04-18,109,4,32,2
6162,2023-05-23,195,3,17,1
6163,2024-02-20,197,3,69,3
6164,2023-05-19,65,4,79,5
6165,2023-10-27,143,5,41,1
6166,2024-03-15,240,2,27,5
6167,2024-07-30,172,3,83,5
6168,2023-01-11,3,1,49,4
6169,2023-02-01,70,3,47,4
6170,2024-02-07,175,5,48,5
6171,2023-06-15,71,3,7,3
6172,2024-07-25,142,5,80,2
6173,2024-02-03,217,1,76,3
6174,2024-05-21,249,4,16,4
6175,2023-01-30,127,2,76,3
6176,2023-10-01,176,1,52,4
6177,2023-06-14,108,1,36,4
6178,2024-01-09,256,1,65,1
6179,2023-06-11,157,3,31,3
6180,2024-03-12,10,3,99,1
6181,2023-01-14,186,4,14,5
6182,2024-02-16,224,1,10,2
6183,2023-07-07,95,1,9,4
6184,2023-01-06,166,4,97,4
6185,2023-04-22,278,1,12,5
6186,2024-01-02,89,2,88,2
6187,2024-07-28,108,3,43,1
6188,2023-08-17,13,1,31,4
6189,2023-09-22,227,1,34,5
6190,2023-09-08,36,2,89,1
6191,2023-12-20,68,1,41,2
6192,2024-02-29,135,4,57,2
6193,2023-03-12,101,3,54,1
6194,2023-09-12,128,5,16,1
6195,2024-02-10,132,3,12,2
6196,2023-05-03,53,1,48,5
6197,2024-07-31,209,1,8,3
6198,2023-12-06,182,1,59,3
6199,2023-11-24,99,3,13,5
6200,2023-05-02,129,3,18,3
6201,2023-08-21,215,5,63,5
6202,2023-07-23,212,1,7,4
6203,2023-06-25,208,1,35,4
6204,2023-10-26,46,2,60,5
6205,2023-07-19,165,4,22,1
6206,2023-03-27,12,3,99,1
6207,2024-01-17,44,5,82,1
6208,2023-10-25,181,5,9,2
6209,2023-09-24,179,1,28,1
6210,2023-10-01,300,5,48,1
6211,2023-04-13,84,3,14,5
6212,2023-08-12,145,2,25,5
6213,2024-01-27,137,3,57,5
6214,2023-04-08,133,3,76,1
6215,2023-09-12,243,4,30,3
6216,2023-08-03,78,5,76,4
6217,2024-02-12,87,4,59,4
6218,2023-08-07,219,4,97,3
6219,2023-10-22,152,4,65,1
6220,2023-09-24,97,4,10,3
6221,2023-08-08,194,3,32,3
6222,2024-05-20,78,2,99,1
6223,2024-07-12,87,5,36,1
6224,2023-02-09,253,2,96,5
6225,2024-02-04,166,4,13,1
6226,2023-06-20,17,5,67,5
6227,2024-04-06,33,2,28,1
6228,2023-07-15,116,4,71,1
6229,2024-02-10,42,5,19,3
6230,2023-01-10,122,4,26,1
6231,2024-04-22,200,4,15,5
6232,2023-04-23,151,3,13,2
6233,2023-01-11,176,4,19,2
6234,2023-09-18,199,2,23,3
6235,2023-02-01,79,3,12,1
6236,2023-01-02,218,3,71,3
6237,2023-05-29,294,4,92,1
6238,2023-01-14,85,5,33,3
6239,2024-06-21,9,4,52,4
6240,2023-10-12,104,4,1,4
6241,2023-02-24,248,5,41,2
6242,2023-04-25,100,5,30,2
6243,2023-05-08,273,4,57,4
6244,2024-01-20,128,2,94,3
6245,2023-10-04,68,4,82,3
6246,2023-01-09,95,1,10,5
6247,2024-02-28,43,4,84,4
6248,2024-01-11,219,4,46,4
6249,2023-05-25,209,1,74,5
6250,2024-06-13,214,5,49,3
6251,2024-06-27,60,1,50,3
6252,2023-01-18,51,3,8,3
6253,2023-06-21,256,4,33,2
6254,2023-12-04,120,3,61,2
6255,2023-08-23,145,4,43,4
6256,2024-05-10,290,2,59,1
6257,2023-12-09,47,2,56,1
6258,2023-04-23,49,2,3,2
6259,2023-10-08,269,2,15,5
6260,2023-06-03,21,3,75,3
6261,2023-06-19,184,2,92,5
6262,2023-10-17,212,1,11,5
6263,2024-08-13,293,2,64,2
6264,2023-11-27,67,2,46,3
6265,2023-01-09,70,1,4,5
6266,2024-05-18,6,1,31,1
6267,2023-12-28,56,1,7,4
6268,2024-02-15,249,3,7,3
6269,2024-02-06,114,3,42,5
6270,2024-04-28,119,2,62,2
6271,2023-10-13,118,4,42,3
6272,2023-10-22,174,3,57,5
6273,2023-02-05,165,1,29,4
6274,2023-10-13,222,5,100,5
6275,2024-08-22,18,1,2,3
6276,2024-02-08,78,4,70,2
6277,2023-10-21,152,5,16,2
6278,2023-12-16,9,3,8,3
6279,2024-07-31,143,2,21,3
6280,2024-04-29,214,4,69,4
6281,2023-03-31,240,2,64,2
6282,2024-07-04,276,5,67,3
6283,2023-01-20,271,1,93,2
6284,2023-11-05,14,3,40,1
6285,2023-03-05,67,2,73,2
6286,2023-10-23,170,4,6,3
6287,2023-05-20,109,3,21,2
6288,2024-08-01,260,2,96,3
6289,2023-04-28,94,4,93,4
6290,2023-01-17,252,2,76,4
6291,2023-11-15,46,2,5,3
6292,2023-02-09,97,4,30,4
6293,2023-12-11,260,2,12,4
6294,2023-04-21,243,1,92,1
6295,2023-07-19,110,5,30,3
6296,2023-04-14,176,4,85,5
6297,2024-03-24,146,5,69,1
6298,2023-03-12,23,3,86,3
6299,2023-11-29,124,5,98,3
6300,2023-06-04,225,5,27,3
6301,2024-08-21,158,1,45,1
6302,2023-01-14,288,4,16,3
6303,2024-05-09,3,5,54,5
6304,2024-02-15,59,3,50,3
6305,2023-12-07,106,2,98,5
6306,2024-04-21,276,5,30,2
6307,2023-12-26,66,2,21,5
6308,2023-05-17,224,3,89,3
6309,2023-08-03,244,2,62,3
6310,2023-11-19,290,3,33,3
6311,2024-08-11,100,1,38,1
6312,2023-05-07,139,5,24,4
6313,2024-04-24,99,1,98,5
6314,2024-04-10,290,2,27,2
6315,2023-04-24,296,3,9,3
6316,2023-03-25,173,4,75,4
6317,2023-08-09,250,1,83,4
6318,2024-01-18,106,3,45,1
6319,2023-01-13,189,2,90,5
6320,2023-08-05,94,2,76,1
6321,2023-09-16,47,4,42,3
6322,2024-06-28,205,5,9,3
6323,2023-11-26,72,2,83,5
6324,2023-05-31,3,2,25,4
6325,2023-08-11,178,5,49,2
6326,2024-03-25,163,3,59,2
6327,2023-08-18,134,3,80,2
6328,2024-05-17,209,2,86,5
6329,2023-02-24,160,4,3,1
6330,2023-05-08,133,1,8,4
6331,2023-01-13,207,2,34,2
6332,2024-01-01,264,5,11,3
6333,2023-04-12,246,3,53,4
6334,2024-02-03,20,5,42,2
6335,2023-01-06,12,4,13,3
6336,2023-12-11,199,1,33,5
6337,2023-03-18,3,5,18,1
6338,2024-07-10,75,3,50,1
6339,2023-10-18,67,4,90,3
6340,2024-05-05,300,2,70,4
6341,2023-06-21,249,3,31,2
6342,2024-03-26,162,1,47,5
6343,2023-06-05,238,4,23,2
6344,2023-07-09,297,1,26,3
6345,2024-04-26,181,2,73,5
6346,2023-04-26,280,4,69,5
6347,2023-03-09,124,4,26,5
6348,2024-01-19,161,3,20,1
6349,2024-05-22,110,2,100,1
6350,2024-07-09,52,1,45,5
6351,2024-04-03,296,3,8,1
6352,2023-06-26,285,1,45,3
6353,2023-02-24,134,3,46,2
6354,2023-10-09,282,2,26,4
6355,2023-06-22,259,3,94,2
6356,2023-12-20,44,2,86,1
6357,2024-05-05,113,4,64,3
6358,2023-04-02,67,4,50,1
6359,2024-07-30,248,5,6,3
6360,2024-08-05,79,5,25,1
6361,2023-06-29,187,1,13,1
6362,2023-06-10,16,5,94,1
6363,2023-04-24,208,3,34,5
6364,2023-05-13,239,5,34,2
6365,2023-08-24,175,4,92,1
6366,2023-04-06,135,3,27,4
6367,2024-06-30,55,2,54,2
6368,2023-05-21,232,3,3,4
6369,2024-01-01,28,2,48,5
6370,2024-02-29,39,5,47,4
6371,2023-04-29,87,3,58,3
6372,2024-07-05,297,5,15,2
6373,2024-04-27,81,5,93,3
6374,2023-12-03,203,3,63,3
6375,2023-10-28,46,4,37,5
6376,2023-03-11,204,3,77,4
6377,2024-07-11,129,4,95,1
6378,2024-04-12,27,4,61,3
6379,2024-05-14,220,4,24,1
6380,2024-02-03,88,2,46,3
6381,2024-06-03,165,2,44,4
6382,2024-07-24,38,5,32,3
6383,2024-04-26,32,1,16,3
6384,2023-08-05,20,1,34,3
6385,2024-02-09,200,1,94,4
6386,2023-03-16,27,1,78,3
6387,2023-01-03,278,5,12,2
6388,2023-09-18,1,3,10,3
6389,2023-09-10,225,5,69,5
6390,2024-02-05,116,5,99,1
6391,2023-09-04,254,4,34,5
6392,2023-02-07,152,3,35,3
6393,2023-11-28,207,3,18,1
6394,2024-08-15,99,3,26,1
6395,2024-03-02,173,2,71,5
6396,2024-07-27,237,2,39,2
6397,2023-07-25,153,1,14,4
6398,2023-02-25,188,2,74,2
6399,2023-12-13,59,1,49,2
6400,2023-02-11,257,1,31,2
6401,2024-04-22,150,5,69,5
6402,2023-07-24,228,4,25,3
6403,2024-05-24,280,1,28,3
6404,2023-08-29,280,1,77,3
6405,2023-04-03,256,4,80,3
6406,2024-02-25,91,1,65,5
6407,2024-04-10,127,4,11,5
6408,2023-10-11,144,3,21,5
6409,2023-07-30,104,4,74,5
6410,2023-01-18,170,1,21,3
6411,2024-06-27,142,2,6,3
6412,2023-02-05,237,4,56,4
6413,2024-02-04,109,1,30,2
6414,2023-01-10,126,4,67,5
6415,2023-08-22,55,1,72,3
6416,2023-12-20,166,3,73,5
6417,2024-02-09,291,5,52,1
6418,2023-09-17,263,4,1,2
6419,2024-06-15,46,1,52,5
6420,2023-09-13,37,5,89,1
6421,2024-04-15,68,2,10,3
6422,2023-06-16,49,1,80,3
6423,2024-07-22,242,3,11,2
6424,2024-02-09,250,2,80,3
6425,2023-02-28,160,3,63,5
6426,2023-03-20,295,3,51,4
6427,2023-08-16,217,2,13,5
6428,2023-05-09,66,5,93,1
6429,2023-08-01,24,1,5,1
6430,2023-06-15,202,3,52,1
6431,2023-06-20,68,3,75,1
6432,2023-12-02,144,5,9,5
6433,2023-08-03,160,1,23,2
6434,2023-04-18,248,4,12,3
6435,2023-08-17,238,4,49,2
6436,2023-10-05,244,2,56,3
6437,2023-08-21,38,4,97,4
6438,2023-01-26,145,5,55,1
6439,2023-05-30,266,3,76,1
6440,2023-01-15,232,5,26,4
6441,2024-03-16,222,5,56,5
6442,2024-07-18,118,4,77,3
6443,2023-05-07,193,4,72,2
6444,2023-02-13,125,4,12,2
6445,2023-06-20,266,3,5,4
6446,2023-12-30,109,3,76,1
6447,2023-08-27,50,2,91,4
6448,2024-04-25,36,1,92,5
6449,2023-04-24,183,2,10,5
6450,2023-05-27,191,2,63,3
6451,2023-01-22,279,3,96,5
6452,2023-01-12,43,5,43,4
6453,2023-03-25,198,5,95,3
6454,2023-04-29,228,2,37,5
6455,2023-07-24,129,5,16,5
6456,2023-08-22,261,4,77,5
6457,2023-09-26,263,4,15,4
6458,2023-02-18,55,2,77,3
6459,2023-04-22,76,1,1,2
6460,2023-04-20,102,5,34,5
6461,2023-05-17,101,1,54,2
6462,2023-10-04,192,1,8,2
6463,2023-07-03,273,3,10,4
6464,2024-06-10,139,4,90,3
6465,2024-02-17,251,2,95,3
6466,2024-07-16,293,4,83,3
6467,2023-10-12,168,5,30,5
6468,2023-10-15,91,2,43,1
6469,2023-04-09,86,3,33,1
6470,2024-05-30,247,2,67,3
6471,2023-10-02,172,3,91,4
6472,2024-04-17,202,5,77,4
6473,2024-07-24,57,3,55,3
6474,2023-12-02,278,4,41,1
6475,2024-02-06,193,4,55,5
6476,2023-03-08,3,5,86,2
6477,2024-02-11,213,2,26,5
6478,2024-03-22,78,5,94,1
6479,2024-07-15,42,5,30,4
6480,2024-07-07,18,5,24,2
6481,2024-05-22,40,4,17,2
6482,2023-08-04,46,2,98,3
6483,2023-12-22,52,1,93,5
6484,2023-05-16,162,2,14,1
6485,2023-10-23,73,3,58,4
6486,2024-03-29,63,4,39,3
6487,2024-04-04,61,5,66,3
6488,2023-08-05,234,2,29,1
6489,2023-07-23,186,4,21,3
6490,2024-06-22,188,2,7,2
6491,2024-01-20,9,1,80,3
6492,2023-10-08,98,1,38,4
6493,2023-05-27,117,3,58,1
6494,2023-10-05,52,4,5,4
6495,2024-03-23,219,5,78,3
6496,2024-07-17,52,5,95,3
6497,2023-04-22,75,5,93,3
6498,2023-08-29,34,2,2,3
6499,2024-04-17,46,2,73,4
6500,2023-11-30,91,3,29,2
6501,2023-04-11,287,4,5,5
6502,2024-02-26,127,2,60,5
6503,2023-11-25,89,3,67,3
6504,2024-03-14,296,2,86,4
6505,2024-07-30,180,4,99,4
6506,2024-02-02,199,1,26,2
6507,2023-11-16,162,2,57,5
6508,2024-04-20,200,5,57,4
6509,2023-05-12,94,5,78,5
6510,2023-01-26,266,1,20,5
6511,2023-11-16,34,4,39,4
6512,2023-09-20,44,1,76,3
6513,2024-06-14,269,5,1,1
6514,2023-05-14,261,4,15,4
6515,2024-02-10,216,5,19,2
6516,2024-01-30,204,2,98,3
6517,2023-05-27,35,5,25,3
6518,2024-02-06,154,4,24,1
6519,2024-02-11,51,1,92,2
6520,2024-05-30,77,2,46,3
6521,2024-01-30,99,2,20,4
6522,2024-01-15,26,5,97,5
6523,2024-07-20,297,2,24,4
6524,2023-07-22,37,5,92,3
6525,2023-10-10,94,3,50,2
6526,2024-01-01,78,3,4,2
6527,2023-10-06,193,1,98,5
6528,2024-01-13,278,5,51,4
6529,2024-04-26,131,2,95,2
6530,2024-01-21,183,4,39,2
6531,2023-01-09,51,3,2,5
6532,2024-01-15,184,2,19,1
6533,2023-01-12,29,3,95,1
6534,2024-04-24,220,3,30,4
6535,2024-07-21,246,2,63,2
6536,2023-02-14,291,5,19,2
6537,2023-10-26,150,2,86,3
6538,2023-10-15,91,5,86,4
6539,2023-10-02,262,5,20,5
6540,2023-06-06,30,4,63,4
6541,2023-02-11,192,3,97,4
6542,2023-09-13,226,3,92,3
6543,2024-05-11,117,5,41,1
6544,2023-04-10,195,3,74,4
6545,2023-03-27,93,3,34,4
6546,2023-03-03,186,4,60,3
6547,2024-06-14,227,3,83,3
6548,2023-01-30,96,3,18,5
6549,2024-08-16,248,4,99,4
6550,2023-11-07,185,1,60,3
6551,2023-05-17,40,2,28,1
6552,2023-09-27,173,1,37,2
6553,2023-04-25,43,5,41,2
6554,2023-06-21,106,3,91,5
6555,2024-02-28,210,3,47,5
6556,2024-03-09,214,1,11,2
6557,2024-01-16,83,2,85,4
6558,2024-04-12,97,1,1,4
6559,2024-04-18,167,3,14,2
6560,2024-08-02,293,3,43,4
6561,2024-05-08,153,5,3,3
6562,2024-02-03,121,2,46,2
6563,2023-02-03,298,4,42,5
6564,2024-08-07,41,3,8,4
6565,2023-07-15,243,4,19,4
6566,2023-10-05,3,3,41,3
6567,2023-03-27,259,2,37,1
6568,2023-03-23,25,5,32,5
6569,2023-01-02,83,2,20,4
6570,2023-09-20,34,5,50,5
6571,2023-07-29,166,2,96,5
6572,2024-02-19,27,2,63,2
6573,2023-02-15,100,5,92,5
6574,2023-03-18,125,4,35,3
6575,2024-06-04,245,3,29,1
6576,2023-08-27,80,5,59,5
6577,2023-03-18,118,1,82,1
6578,2024-05-27,171,2,10,2
6579,2024-04-25,241,1,2,5
6580,2023-07-23,148,3,16,1
6581,2023-05-28,223,4,19,3
6582,2024-06-20,189,3,4,4
6583,2023-04-28,244,1,54,3
6584,2023-07-24,48,4,96,4
6585,2024-01-10,126,4,8,3
6586,2023-03-09,104,1,40,3
6587,2023-05-05,115,5,81,1
6588,2023-04-23,266,4,48,1
6589,2023-11-07,244,2,75,2
6590,2024-03-27,63,4,56,3
6591,2023-12-07,264,5,76,1
6592,2023-04-11,105,2,27,1
6593,2023-05-04,52,3,94,5
6594,2024-08-01,196,4,26,2
6595,2023-09-21,169,1,39,3
6596,2023-04-16,100,5,91,5
6597,2023-09-24,128,1,100,4
6598,2023-04-15,41,5,8,3
6599,2024-01-05,214,4,33,5
6600,2023-11-11,228,2,60,3
6601,2023-11-29,67,3,49,4
6602,2024-01-13,226,3,59,5
6603,2024-06-04,13,1,42,1
6604,2024-03-14,32,5,25,3
6605,2023-03-20,162,1,68,3
6606,2023-10-30,115,3,87,4
6607,2024-03-07,174,4,61,4
6608,2023-09-02,269,5,9,3
6609,2023-03-21,247,5,94,1
6610,2024-06-23,109,4,61,3
6611,2023-10-28,111,4,79,5
6612,2024-06-24,241,5,31,4
6613,2023-10-20,219,4,15,2
6614,2024-08-09,110,4,39,2
6615,2023-05-13,295,2,23,5
6616,2023-01-10,107,4,86,2
6617,2024-01-20,61,3,89,4
6618,2023-02-21,60,5,4,4
6619,2023-01-16,162,3,66,1
6620,2023-09-21,136,1,83,1
6621,2024-04-17,31,5,51,4
6622,2023-03-08,36,2,26,2
6623,2023-01-14,180,1,41,1
6624,2023-01-16,243,2,20,3
6625,2023-03-12,151,5,51,2
6626,2023-12-21,73,2,37,2
6627,2023-05-25,152,4,31,4
6628,2023-05-19,178,2,45,5
6629,2023-03-28,129,4,52,5
6630,2024-08-10,120,3,5,2
6631,2024-07-29,113,1,95,3
6632,2023-10-18,122,2,10,3
6633,2024-01-05,246,4,3,1
6634,2024-03-08,242,1,37,3
6635,2023-07-29,65,1,54,2
6636,2023-03-12,130,2,60,5
6637,2023-07-27,221,4,27,4
6638,2023-05-11,179,5,6,1
6639,2023-10-18,174,5,70,1
6640,2023-07-23,210,3,73,3
6641,2024-03-25,261,1,52,4
6642,2023-05-27,85,2,72,3
6643,2024-05-06,191,2,16,2
6644,2024-02-01,217,5,92,2
6645,2024-03-29,299,2,33,2
6646,2023-11-29,33,2,70,1
6647,2023-07-26,257,4,43,2
6648,2024-06-10,146,4,84,3
6649,2024-07-28,287,5,3,5
6650,2023-03-16,293,4,81,4
6651,2023-07-21,6,1,17,1
6652,2023-10-11,4,5,12,2
6653,2023-10-11,34,5,41,5
6654,2023-09-14,71,5,77,5
6655,2024-06-29,33,1,73,1
6656,2024-07-24,286,2,81,3
6657,2023-02-18,54,5,90,4
6658,2024-04-04,185,1,38,3
6659,2023-02-09,261,4,100,3
6660,2023-02-11,201,4,82,4
6661,2023-12-27,223,2,57,3
6662,2023-05-03,263,4,46,4
6663,2023-11-26,45,2,14,2
6664,2024-08-04,260,3,98,2
6665,2023-03-16,62,5,79,3
6666,2023-08-13,196,5,7,1
6667,2023-11-08,250,5,88,2
6668,2024-03-13,36,1,27,4
6669,2023-08-27,13,3,85,5
6670,2023-05-08,273,1,86,4
6671,2023-04-06,125,1,43,4
6672,2023-01-14,300,4,41,2
6673,2024-02-08,45,1,40,1
6674,2024-05-06,27,1,28,2
6675,2023-05-31,233,1,43,1
6676,2023-12-21,243,5,18,2
6677,2024-08-09,182,1,91,2
6678,2023-09-21,244,2,43,4
6679,2023-04-24,3,1,3,4
6680,2024-06-20,238,2,61,1
6681,2023-10-20,225,3,12,3
6682,2023-09-24,232,5,96,5
6683,2023-08-05,119,4,80,5
6684,2023-11-01,256,5,87,5
6685,2023-08-02,174,4,56,1
6686,2023-09-17,153,1,58,3
6687,2023-01-02,174,4,55,5
6688,2024-06-18,3,5,96,4
6689,2024-07-20,295,3,79,4
6690,2024-07-31,78,3,64,3
6691,2024-03-05,216,2,40,5
6692,2023-05-09,161,1,35,3
6693,2024-03-03,147,5,71,4
6694,2023-08-27,30,2,53,4
6695,2024-01-26,139,2,65,4
6696,2024-07-30,133,4,92,5
6697,2023-12-13,274,2,36,5
6698,2024-02-09,300,4,91,5
6699,2023-10-08,178,3,53,5
6700,2023-03-26,226,1,28,2
6701,2023-10-12,250,3,14,1
6702,2023-09-03,260,1,65,3
6703,2024-08-07,5,2,61,2
6704,2024-06-09,251,4,23,4
6705,2024-02-25,247,1,39,1
6706,2023-02-16,119,3,98,2
6707,2023-09-08,142,2,53,3
6708,2023-07-21,149,1,61,3
6709,2023-08-23,83,3,74,5
6710,2024-03-25,4,5,81,5
6711,2023-11-03,76,5,24,4
6712,2024-05-17,260,4,27,5
6713,2024-02-29,55,2,88,3
6714,2023-12-04,174,2,34,2
6715,2024-05-12,23,4,34,5
6716,2024-02-07,160,1,53,2
6717,2024-01-30,20,2,30,1
6718,2023-09-23,130,5,52,1
6719,2023-07-11,253,5,36,3
6720,2024-07-06,227,2,61,4
6721,2024-04-03,34,2,78,1
6722,2023-09-24,236,5,66,3
6723,2023-01-16,71,1,97,3
6724,2023-09-23,251,2,3,3
6725,2024-03-14,151,3,79,3
6726,2023-07-13,218,2,42,5
6727,2024-07-09,124,2,90,1
6728,2023-09-17,55,3,57,3
6729,2024-03-03,145,2,91,4
6730,2024-08-08,42,2,26,3
6731,2023-04-25,134,5,99,5
6732,2023-01-25,129,3,98,4
6733,2023-04-03,58,5,27,3
6734,2023-08-15,78,3,86,1
6735,2024-06-07,198,1,28,2
6736,2023-10-21,230,5,33,2
6737,2024-05-16,207,4,1,2
6738,2023-07-20,3,3,38,2
6739,2024-04-09,162,5,53,2
6740,2023-10-10,25,3,83,2
6741,2024-01-08,184,1,43,2
6742,2024-03-14,204,1,24,2
6743,2024-03-20,171,2,28,1
6744,2024-06-15,251,3,80,1
6745,2023-03-09,119,4,75,5
6746,2024-08-01,145,2,86,5
6747,2024-04-01,139,1,63,4
6748,2023-12-26,148,4,16,5
6749,2023-06-29,25,2,75,4
6750,2023-09-06,232,3,20,4
6751,2023-07-03,183,5,98,5
6752,2024-01-16,79,4,7,1
6753,2024-01-26,41,2,34,2
6754,2024-05-02,97,1,32,3
6755,2023-09-13,240,3,16,1
6756,2023-05-08,294,1,29,2
6757,2023-01-05,28,2,79,5
6758,2023-10-01,242,2,27,5
6759,2023-10-18,300,2,19,5
6760,2024-04-07,23,1,31,4
6761,2023-01-05,245,3,55,3
6762,2023-04-06,184,4,82,1
6763,2023-06-07,263,5,21,3
6764,2023-03-07,257,4,3,3
6765,2023-12-26,44,2,79,3
6766,2023-01-17,225,5,24,3
6767,2023-05-30,15,4,3,1
6768,2024-02-26,112,3,59,5
6769,2024-02-14,153,3,94,3
6770,2023-09-05,233,1,49,3
6771,2024-03-02,116,3,52,4
6772,2023-05-10,27,3,99,2
6773,2024-03-15,298,5,13,5
6774,2024-01-26,15,5,58,4
6775,2024-03-29,81,5,30,4
6776,2023-08-12,98,2,69,5
6777,2023-05-29,232,5,80,1
6778,2023-12-15,249,4,34,1
6779,2023-02-22,52,5,56,1
6780,2023-05-19,11,1,54,4
6781,2023-02-16,34,4,83,3
6782,2023-11-30,112,1,91,2
6783,2023-09-26,5,2,64,2
6784,2023-01-02,160,1,20,1
6785,2024-03-15,54,2,11,1
6786,2024-04-13,94,1,88,1
6787,2023-12-06,259,2,82,3
6788,2023-08-21,93,2,39,3
6789,2024-07-06,139,1,81,5
6790,2023-02-09,127,2,24,5
6791,2024-01-24,126,4,82,1
6792,2024-08-12,132,2,1,2
6793,2024-06-12,156,4,33,2
6794,2024-07-23,95,4,16,5
6795,2024-02-09,132,4,33,2
6796,2023-07-17,294,1,68,4
6797,2023-08-05,221,2,4,1
6798,2024-05-27,158,1,5,5
6799,2023-04-25,147,3,91,5
6800,2023-01-19,39,2,80,1
6801,2024-02-20,29,3,84,2
6802,2023-12-18,16,5,47,1
6803,2023-04-15,26,3,89,4
6804,2024-01-22,53,1,75,4
6805,2023-04-20,162,4,11,5
6806,2024-04-09,60,3,45,3
6807,2023-11-26,142,3,31,4
6808,2023-12-24,26,3,86,3
6809,2023-06-24,217,4,56,4
6810,2023-10-11,87,3,27,1
6811,2024-01-02,82,1,23,1
6812,2024-07-11,59,4,96,4
6813,2024-05-26,172,1,74,1
6814,2024-07-09,268,3,40,5
6815,2024-05-04,241,1,29,1
6816,2023-03-20,6,1,2,1
6817,2023-02-28,273,5,78,2
6818,2023-09-06,7,4,75,3
6819,2023-04-19,231,2,9,5
6820,2023-04-27,84,2,46,2
6821,2024-07-30,273,4,18,4
6822,2024-06-03,205,1,68,1
6823,2023-02-23,87,4,60,3
6824,2023-04-22,46,1,17,2
6825,2024-04-16,258,5,68,5
6826,2023-06-18,90,5,55,3
6827,2023-07-21,127,2,49,5
6828,2024-03-30,230,1,9,2
6829,2023-10-30,199,4,7,1
6830,2024-08-03,300,2,85,3
6831,2023-09-17,279,2,56,2
6832,2024-04-26,150,2,87,4
6833,2024-01-01,142,1,52,3
6834,2023-08-25,248,2,53,3
6835,2023-04-09,111,1,70,4
6836,2024-07-06,35,3,97,5
6837,2023-08-11,295,3,4,2
6838,2023-09-16,259,1,36,3
6839,2023-07-16,113,2,63,2
6840,2024-08-04,180,5,10,3
6841,2023-10-19,123,5,15,5
6842,2024-04-24,99,4,60,2
6843,2023-08-04,82,5,44,1
6844,2023-11-03,21,3,77,3
6845,2024-01-07,253,1,88,3
6846,2023-10-02,294,3,78,4
6847,2024-03-05,150,4,16,1
6848,2024-08-10,213,4,91,2
6849,2024-07-22,299,1,41,2
6850,2024-01-01,4,5,95,5
6851,2023-01-29,139,4,60,4
6852,2023-02-03,109,1,38,4
6853,2023-10-15,183,3,19,1
6854,2023-06-09,101,3,85,2
6855,2023-06-13,14,5,17,3
6856,2024-03-13,3,3,62,5
6857,2023-05-24,206,2,92,1
6858,2023-05-08,292,3,14,3
6859,2024-04-13,37,2,90,3
6860,2023-10-24,271,5,87,2
6861,2023-08-14,141,4,92,4
6862,2024-06-13,225,5,72,5
6863,2023-04-09,157,3,78,3
6864,2024-07-31,219,1,15,2
6865,2023-07-14,110,3,73,2
6866,2023-06-06,164,2,72,3
6867,2023-03-30,236,2,57,2
6868,2024-04-10,281,1,12,1
6869,2024-08-08,2,4,11,3
6870,2023-07-25,125,2,59,3
6871,2023-08-17,230,2,77,5
6872,2023-04-20,51,1,44,4
6873,2023-11-26,83,2,3,4
6874,2023-07-20,11,1,54,4
6875,2024-05-18,198,2,80,2
6876,2024-03-31,118,5,51,3
6877,2024-04-29,243,3,77,3
6878,2023-03-05,138,2,72,1
6879,2024-02-29,273,3,69,3
6880,2023-02-11,129,3,95,3
6881,2024-03-07,69,5,92,2
6882,2023-10-17,236,1,29,4
6883,2023-09-19,282,2,86,4
6884,2023-10-22,166,2,18,1
6885,2024-08-02,137,2,54,2
6886,2024-01-30,37,4,18,5
6887,2024-07-25,229,1,90,5
6888,2023-06-02,253,3,32,4
6889,2024-03-06,261,2,19,2
6890,2023-08-27,29,1,66,3
6891,2024-03-03,31,2,54,2
6892,2023-12-15,20,2,46,2
6893,2024-08-10,71,2,73,2
6894,2024-01-01,60,4,65,5
6895,2023-08-03,286,2,90,3
6896,2023-11-04,129,5,32,4
6897,2023-10-20,275,2,66,1
6898,2023-12-31,122,5,76,4
6899,2024-03-18,84,4,49,5
6900,2023-09-12,145,2,72,3
6901,2023-07-11,133,2,33,1
6902,2024-01-17,164,4,93,4
6903,2023-08-15,56,4,58,4
6904,2024-01-24,141,3,47,2
6905,2023-08-02,253,4,25,3
6906,2024-06-07,233,2,1,5
6907,2023-03-31,224,4,88,4
6908,2023-11-24,18,4,61,1
6909,2023-12-13,148,1,57,1
6910,2023-01-08,69,5,77,4
6911,2023-11-03,235,2,55,3
6912,2023-08-08,187,5,56,3
6913,2023-06-20,122,3,14,5
6914,2023-09-03,176,1,59,3
6915,2023-03-11,111,3,6,2
6916,2023-08-23,214,5,83,1
6917,2023-05-28,60,2,66,4
6918,2024-02-18,285,2,57,2
6919,2024-04-28,75,4,35,4
6920,2023-05-18,101,2,55,1
6921,2023-04-02,125,5,46,5
6922,2023-11-13,231,4,52,2
6923,2024-04-17,109,3,66,1
6924,2024-08-04,283,4,99,4
6925,2023-03-09,109,4,86,1
6926,2023-07-04,210,2,61,4
6927,2023-07-21,147,5,100,5
6928,2024-08-11,295,2,99,5
6929,2024-07-10,134,3,94,5
6930,2024-03-04,78,4,13,4
6931,2024-06-25,279,1,4,3
6932,2023-05-18,245,3,3,4
6933,2023-09-06,112,1,43,5
6934,2024-07-17,165,4,50,5
6935,2023-01-01,211,2,73,4
6936,2023-01-30,17,3,33,2
6937,2023-03-22,40,5,44,1
6938,2023-12-05,252,2,36,3
6939,2024-01-11,128,4,55,1
6940,2024-06-10,39,4,28,1
6941,2024-07-17,174,3,45,2
6942,2024-06-24,97,4,10,3
6943,2024-07-01,11,2,35,2
6944,2023-08-07,99,3,83,5
6945,2023-08-09,221,1,94,4
6946,2023-06-29,177,3,87,3
6947,2024-04-12,180,4,98,3
6948,2023-11-04,189,2,30,3
6949,2024-01-07,32,1,54,1
6950,2023-12-26,242,5,93,4
6951,2023-09-22,25,4,7,5
6952,2023-08-31,195,5,15,4
6953,2023-01-20,285,1,52,5
6954,2023-06-18,213,5,92,5
6955,2023-06-20,171,4,27,5
6956,2024-07-11,297,5,56,4
6957,2023-07-30,59,1,32,5
6958,2023-08-22,283,4,37,3
6959,2024-08-16,201,5,30,3
6960,2023-12-31,221,1,29,3
6961,2023-01-08,248,5,93,1
6962,2024-04-26,76,5,66,2
6963,2023-11-29,238,5,75,5
6964,2024-02-27,168,5,64,3
6965,2023-02-06,133,2,58,2
6966,2024-07-16,113,4,21,4
6967,2023-01-16,49,4,19,4
6968,2023-12-11,274,5,75,5
6969,2024-07-27,252,2,60,1
6970,2024-02-02,40,1,72,4
6971,2024-06-10,69,1,27,1
6972,2024-03-21,146,2,59,5
6973,2024-02-05,29,4,61,2
6974,2024-03-16,295,5,40,3
6975,2023-03-01,16,5,65,4
6976,2023-05-21,262,3,83,4
6977,2024-08-04,220,1,50,3
6978,2023-02-15,287,4,43,4
6979,2023-11-05,199,2,93,5
6980,2024-04-02,232,3,48,3
6981,2024-05-02,207,2,11,5
6982,2024-04-29,39,3,83,2
6983,2024-08-05,148,5,77,2
6984,2023-03-06,156,1,85,3
6985,2024-01-30,204,5,20,5
6986,2024-04-16,224,1,22,1
6987,2024-02-27,250,2,27,4
6988,2023-07-10,53,1,49,3
6989,2023-05-16,77,2,45,3
6990,2023-01-20,252,4,3,2
6991,2024-03-11,296,1,94,1
6992,2023-07-29,190,4,35,1
6993,2024-07-26,153,2,29,4
6994,2024-06-29,159,1,53,5
6995,2023-02-09,106,5,1,1
6996,2024-02-02,78,4,30,1
6997,2023-07-30,45,3,38,4
6998,2023-12-22,185,1,88,4
6999,2023-08-14,168,2,15,4
7000,2023-02-22,6,5,60,2
7001,2023-04-21,207,2,37,5
7002,2023-07-02,106,3,67,1
7003,2023-08-10,31,2,16,3
7004,2023-03-22,186,5,11,2
7005,2024-05-28,142,4,18,3
7006,2024-04-07,167,4,76,3
7007,2024-02-01,267,5,54,1
7008,2024-02-15,169,1,81,3
7009,2023-02-08,116,1,43,3
7010,2024-03-15,206,5,78,4
7011,2023-02-05,119,5,18,5
7012,2024-03-02,120,3,2,3
7013,2023-06-29,230,3,37,1
7014,2024-03-01,81,5,46,2
7015,2024-03-26,70,5,78,3
7016,2023-01-25,45,3,12,3
7017,2023-08-02,102,1,77,5
7018,2024-05-31,173,3,25,3
7019,2023-01-24,246,1,16,2
7020,2023-07-01,162,1,10,5
7021,2023-09-04,250,1,58,3
7022,2023-08-25,261,1,82,2
7023,2024-07-22,101,2,16,2
7024,2023-07-15,214,2,70,3
7025,2023-05-01,193,3,87,2
7026,2023-01-09,207,4,59,2
7027,2023-11-05,239,3,50,5
7028,2024-04-21,115,1,48,5
7029,2023-05-27,256,1,39,2
7030,2023-06-05,222,4,77,3
7031,2023-01-20,43,3,26,2
7032,2023-06-26,124,4,75,2
7033,2023-06-18,215,1,67,4
7034,2023-07-24,158,1,57,2
7035,2024-04-25,31,3,1,1
7036,2023-10-02,62,1,49,4
7037,2023-10-24,22,2,65,4
7038,2023-08-27,21,2,38,3
7039,2023-02-23,204,1,46,1
7040,2023-10-13,134,2,22,3
7041,2023-12-22,194,5,31,4
7042,2023-05-23,203,5,46,5
7043,2023-06-10,268,2,47,3
7044,2023-02-25,59,1,86,3
7045,2023-12-16,284,5,21,4
7046,2024-07-14,123,1,98,4
7047,2023-04-26,285,3,30,4
7048,2023-07-01,283,1,41,4
7049,2023-04-05,155,3,10,4
7050,2023-11-09,196,2,88,4
7051,2024-02-21,156,5,67,2
7052,2023-08-05,200,5,67,2
7053,2024-01-06,33,1,88,2
7054,2024-06-04,9,3,48,5
7055,2023-02-04,83,3,12,2
7056,2024-02-02,247,5,41,3
7057,2023-10-30,98,1,32,1
7058,2023-09-03,126,5,2,5
7059,2024-01-22,297,1,31,4
7060,2024-07-26,277,1,17,4
7061,2023-10-06,127,5,19,5
7062,2024-03-07,288,3,64,2
7063,2023-04-16,105,3,96,3
7064,2023-11-06,158,3,67,1
7065,2023-08-01,171,1,9,2
7066,2023-12-13,119,2,56,1
7067,2023-10-31,128,5,17,5
7068,2024-05-07,161,5,24,3
7069,2024-07-09,60,3,61,3
7070,2024-02-15,239,2,19,3
7071,2023-07-02,248,5,27,3
7072,2023-06-22,188,1,100,1
7073,2023-03-11,88,3,97,3
7074,2024-08-20,267,1,31,3
7075,2024-06-25,249,1,75,3
7076,2024-05-04,51,2,67,4
7077,2024-07-09,241,2,68,5
7078,2023-05-06,79,5,27,1
7079,2023-09-30,196,5,24,2
7080,2024-01-11,245,4,67,2
7081,2023-11-23,30,1,14,3
7082,2024-06-25,245,2,80,2
7083,2023-12-01,188,5,17,4
7084,2023-10-31,260,2,45,3
7085,2023-03-28,294,3,91,4
7086,2023-02-01,185,4,54,4
7087,2024-03-18,19,4,78,4
7088,2023-01-03,144,2,4,5
7089,2023-10-26,163,5,32,1
7090,2023-08-07,201,3,50,2
7091,2023-08-16,57,2,38,3
7092,2024-01-15,220,5,44,5
7093,2023-06-09,137,2,26,2
7094,2023-07-02,293,2,60,1
7095,2023-08-24,101,2,64,1
7096,2023-05-08,297,3,2,2
7097,2023-08-29,105,3,100,3
7098,2023-12-11,100,5,3,1
7099,2024-07-31,116,5,49,1
7100,2024-03-18,155,4,36,2
7101,2023-06-12,129,2,6,4
7102,2023-11-16,95,1,74,3
7103,2024-05-22,253,4,41,3
7104,2023-03-05,159,3,66,4
7105,2024-02-16,175,5,36,4
7106,2023-02-01,229,3,89,4
7107,2024-07-31,195,4,18,3
7108,2024-01-09,113,3,50,2
7109,2024-01-07,24,2,29,1
7110,2023-01-16,241,1,48,1
7111,2023-03-28,205,4,84,5
7112,2023-06-15,290,4,50,3
7113,2024-03-20,97,1,65,4
7114,2023-12-15,298,2,40,1
7115,2023-08-01,101,2,52,1
7116,2023-09-14,281,3,62,1
7117,2023-04-21,183,2,48,1
7118,2023-06-15,266,1,49,1
7119,2023-05-27,166,1,63,2
7120,2023-08-29,218,3,45,3
7121,2023-08-24,122,2,52,5
7122,2023-02-15,7,2,18,4
7123,2023-04-01,102,3,42,2
7124,2024-02-15,162,5,23,1
7125,2024-05-06,232,4,67,5
7126,2023-11-15,182,5,12,2
7127,2023-08-17,285,4,27,3
7128,2023-06-22,162,2,82,4
7129,2023-03-22,132,5,26,5
7130,2023-08-26,61,3,99,4
7131,2024-03-31,157,3,77,5
7132,2023-04-13,81,1,25,2
7133,2023-11-29,206,4,44,4
7134,2023-09-11,101,3,91,3
7135,2023-09-09,90,2,45,2
7136,2024-04-30,193,3,49,1
7137,2024-07-07,199,2,8,5
7138,2023-08-18,70,3,26,1
7139,2023-03-22,202,5,9,2
7140,2024-01-02,48,5,46,1
7141,2024-08-14,62,4,86,1
7142,2023-05-07,160,3,21,3
7143,2023-11-07,111,3,61,5
7144,2023-02-12,209,4,94,2
7145,2023-03-31,26,2,42,2
7146,2024-07-18,109,1,54,2
7147,2023-02-01,289,1,77,2
7148,2023-11-09,238,2,76,5
7149,2023-09-26,219,3,62,2
7150,2023-06-13,18,3,43,5
7151,2024-01-02,84,4,16,3
7152,2023-09-02,274,5,58,5
7153,2023-02-14,34,2,72,2
7154,2023-09-01,101,5,99,1
7155,2023-01-05,217,4,47,1
7156,2023-07-04,57,3,53,2
7157,2024-01-07,68,4,48,3
7158,2024-02-19,40,5,64,3
7159,2023-07-14,18,4,92,1
7160,2023-12-10,82,2,60,1
7161,2023-08-30,238,1,36,4
7162,2023-11-05,190,4,19,4
7163,2024-03-13,278,1,22,1
7164,2023-03-19,57,4,5,5
7165,2023-11-26,148,4,95,1
7166,2023-06-26,73,3,50,2
7167,2024-07-15,122,4,79,2
7168,2024-04-24,231,1,40,3
7169,2023-11-28,99,2,28,5
7170,2023-11-10,183,3,48,3
7171,2023-07-28,253,2,56,3
7172,2024-03-16,221,5,14,5
7173,2023-01-28,267,4,63,4
7174,2024-07-25,199,4,75,2
7175,2023-11-10,195,5,53,1
7176,2024-01-23,55,1,72,1
7177,2023-05-03,193,5,94,3
7178,2024-01-04,134,2,44,1
7179,2023-12-24,2,4,64,3
7180,2023-11-14,142,4,27,2
7181,2023-04-08,47,5,51,3
7182,2023-08-09,230,4,88,3
7183,2024-03-11,32,1,58,3
7184,2024-03-05,238,5,62,5
7185,2023-01-01,260,4,23,2
7186,2023-09-10,255,3,50,1
7187,2023-05-11,46,5,22,1
7188,2024-08-16,122,4,20,4
7189,2023-01-13,64,2,72,1
7190,2023-01-14,215,4,47,1
7191,2023-09-06,165,5,15,5
7192,2023-05-18,275,5,48,2
7193,2023-02-10,190,1,79,1
7194,2023-10-16,291,2,21,1
7195,2023-06-20,93,3,40,1
7196,2023-01-01,137,1,68,3
7197,2023-02-23,94,4,76,4
7198,2023-10-26,78,4,36,4
7199,2024-04-13,130,4,62,3
7200,2024-07-22,218,3,22,1
7201,2023-05-21,297,4,83,3
7202,2024-07-20,215,2,77,4
7203,2023-07-24,275,5,97,2
7204,2023-07-02,255,3,48,1
7205,2023-10-21,220,2,33,3
7206,2024-02-23,266,2,8,2
7207,2023-06-05,278,1,35,3
7208,2024-03-31,23,5,78,4
7209,2023-02-03,240,4,99,2
7210,2023-07-18,137,2,20,2
7211,2023-06-21,75,1,14,1
7212,2024-01-07,99,5,70,1
7213,2023-01-01,179,5,93,4
7214,2024-03-02,300,4,61,1
7215,2024-06-27,1,4,73,3
7216,2023-10-17,230,5,67,5
7217,2023-05-07,192,2,93,3
7218,2023-12-07,283,1,36,1
7219,2024-02-17,212,5,4,5
7220,2023-05-24,119,2,30,3
7221,2023-04-26,264,4,94,3
7222,2024-04-01,131,4,83,5
7223,2023-09-18,74,2,1,3
7224,2024-07-24,155,3,17,4
7225,2024-06-23,68,3,29,1
7226,2024-04-30,294,4,63,2
7227,2024-02-04,32,3,77,4
7228,2023-07-18,175,2,67,5
7229,2024-03-29,202,2,39,2
7230,2024-03-06,23,1,15,1
7231,2023-04-03,8,2,45,5
7232,2024-02-02,65,1,47,2
7233,2023-04-10,229,2,13,4
7234,2023-01-15,35,1,19,4
7235,2024-08-15,187,1,56,3
7236,2023-02-25,30,5,99,1
7237,2023-02-06,264,1,22,1
7238,2023-02-11,109,3,13,3
7239,2024-08-09,23,2,74,3
7240,2023-02-25,20,2,70,5
7241,2023-01-11,296,1,81,4
7242,2024-05-22,144,4,55,2
7243,2024-01-28,263,5,36,4
7244,2023-09-19,245,5,59,3
7245,2023-11-14,106,1,36,5
7246,2024-08-06,233,3,59,2
7247,2023-06-15,227,3,82,1
7248,2024-01-29,193,4,50,4
7249,2023-07-19,284,4,28,3
7250,2024-01-03,58,1,86,1
7251,2023-06-18,248,1,82,4
7252,2023-06-22,98,2,98,3
7253,2023-03-19,149,3,81,3
7254,2024-08-08,6,2,98,1
7255,2023-09-12,274,4,20,2
7256,2024-08-07,164,2,69,5
7257,2024-07-05,99,5,83,4
7258,2023-12-10,185,3,21,1
7259,2024-08-06,91,3,22,5
7260,2023-06-03,163,2,46,4
7261,2023-02-12,95,3,2,5
7262,2023-12-27,287,5,36,2
7263,2024-04-21,263,3,59,4
7264,2023-08-08,58,2,47,2
7265,2024-04-03,35,1,91,1
7266,2023-05-09,263,5,30,5
7267,2023-12-08,1,1,76,5
7268,2023-12-22,65,2,28,1
7269,2024-03-11,115,2,44,4
7270,2024-07-11,144,1,25,5
7271,2024-01-26,250,4,34,4
7272,2024-05-11,72,4,82,2
7273,2023-04-17,156,5,65,1
7274,2024-07-04,108,1,88,1
7275,2023-08-24,276,4,100,4
7276,2024-02-11,185,3,58,3
7277,2024-03-13,287,3,18,1
7278,2023-05-10,252,2,11,5
7279,2023-10-20,300,5,54,2
7280,2024-04-10,97,3,83,3
7281,2023-05-31,7,4,47,2
7282,2024-07-09,114,5,93,5
7283,2023-08-30,15,1,98,4
7284,2023-07-20,88,1,38,5
7285,2023-12-23,294,1,63,3
7286,2023-06-27,221,2,18,4
7287,2023-10-09,81,2,4,1
7288,2023-12-11,168,1,83,2
7289,2023-05-21,215,5,73,5
7290,2024-05-07,6,2,88,1
7291,2023-01-09,109,5,7,3
7292,2024-05-24,5,4,7,2
7293,2024-04-15,273,5,94,1
7294,2023-04-27,227,5,47,5
7295,2024-06-01,151,1,70,4
7296,2023-08-07,145,3,5,5
7297,2023-06-21,143,3,18,1
7298,2023-08-07,300,2,24,1
7299,2023-04-14,244,5,47,2
7300,2023-08-16,92,1,68,4
7301,2023-12-20,155,4,22,1
7302,2023-09-15,30,2,90,4
7303,2024-06-22,154,1,8,3
7304,2023-09-24,62,3,47,5
7305,2023-04-22,201,4,20,4
7306,2023-10-26,245,4,97,4
7307,2024-07-29,78,2,71,1
7308,2023-06-29,270,1,92,3
7309,2023-08-09,114,3,99,2
7310,2024-01-26,290,2,15,2
7311,2023-03-19,98,5,68,5
7312,2024-03-29,140,3,91,3
7313,2023-05-06,33,1,100,4
7314,2023-09-12,192,1,23,4
7315,2023-09-14,171,1,56,5
7316,2023-02-14,130,5,29,3
7317,2024-03-28,268,3,78,5
7318,2023-01-26,122,4,84,3
7319,2023-11-23,111,5,93,3
7320,2023-11-04,39,3,57,2
7321,2024-05-23,95,2,22,3
7322,2024-06-07,13,4,19,1
7323,2024-06-29,139,1,9,2
7324,2023-06-23,99,2,94,5
7325,2023-04-05,245,2,76,5
7326,2024-04-06,50,3,76,3
7327,2024-04-08,222,4,91,5
7328,2023-09-26,123,1,36,2
7329,2023-05-16,122,1,22,3
7330,2023-02-23,100,5,24,5
7331,2024-02-25,285,1,40,2
7332,2024-06-18,285,1,23,1
7333,2023-07-22,217,1,25,3
7334,2024-03-05,111,4,29,3
7335,2023-12-21,28,4,89,2
7336,2024-02-13,296,4,84,4
7337,2023-06-04,149,3,86,2
7338,2024-07-15,60,5,79,5
7339,2024-07-06,53,4,36,1
7340,2024-02-10,120,4,88,5
7341,2024-05-26,55,4,9,4
7342,2023-07-08,130,4,64,4
7343,2024-05-25,259,5,8,5
7344,2023-12-27,7,5,45,1
7345,2024-06-05,240,4,87,5
7346,2024-07-07,47,4,8,1
7347,2023-03-21,133,5,89,1
7348,2024-04-16,54,4,63,4
7349,2023-05-23,19,5,6,5
7350,2023-04-14,100,5,90,5
7351,2023-11-10,169,4,14,3
7352,2023-08-20,141,2,64,3
7353,2023-01-16,75,5,8,1
7354,2024-07-13,121,1,61,3
7355,2023-06-05,290,2,46,3
7356,2024-04-11,64,1,58,1
7357,2023-04-10,23,2,58,4
7358,2024-05-07,263,1,32,4
7359,2023-10-25,21,4,20,2
7360,2024-07-01,256,1,18,3
7361,2024-02-08,59,3,26,2
7362,2023-01-14,67,2,58,4
7363,2023-01-28,41,1,83,4
7364,2023-10-10,105,4,5,4
7365,2024-05-30,43,3,59,4
7366,2023-05-23,182,1,38,3
7367,2024-04-28,19,3,19,5
7368,2024-03-18,106,4,15,3
7369,2024-01-07,295,2,73,5
7370,2023-08-24,169,4,50,5
7371,2023-12-03,106,1,66,4
7372,2023-05-15,76,1,21,1
7373,2023-02-01,240,5,77,5
7374,2023-11-03,24,3,59,1
7375,2024-04-25,107,5,64,3
7376,2024-03-18,229,1,43,1
7377,2023-07-14,222,2,79,2
7378,2023-06-15,157,4,42,5
7379,2023-01-03,122,5,91,5
7380,2024-03-20,26,2,77,2
7381,2023-06-06,70,3,66,2
7382,2024-02-29,184,2,32,4
7383,2023-05-14,102,2,76,3
7384,2023-11-22,202,3,88,4
7385,2024-07-19,261,4,52,5
7386,2024-01-31,264,2,100,3
7387,2023-09-22,287,3,64,3
7388,2023-09-26,47,4,14,5
7389,2024-05-13,35,4,89,2
7390,2023-05-22,144,2,84,3
7391,2023-09-07,264,2,83,3
7392,2024-04-01,276,2,40,2
7393,2023-12-22,22,3,54,2
7394,2023-03-10,43,3,24,2
7395,2023-12-09,162,5,36,4
7396,2023-04-29,251,5,49,2
7397,2023-03-04,5,5,23,4
7398,2024-07-14,83,1,69,4
7399,2023-03-15,170,5,22,4
7400,2023-09-17,252,1,57,2
7401,2024-06-25,36,4,39,1
7402,2023-10-31,40,3,60,3
7403,2024-03-15,164,3,17,1
7404,2024-07-12,114,2,91,2
7405,2023-08-07,110,4,48,1
7406,2024-04-13,56,3,25,2
7407,2024-03-02,280,5,62,2
7408,2023-12-02,247,5,90,5
7409,2023-01-15,47,2,53,2
7410,2024-04-08,117,1,6,3
7411,2023-04-07,234,1,9,2
7412,2023-09-09,3,3,98,2
7413,2024-02-21,65,3,47,4
7414,2023-12-27,143,2,16,1
7415,2023-06-06,165,4,83,3
7416,2023-06-22,298,2,18,4
7417,2023-06-10,57,1,33,1
7418,2024-01-05,108,5,86,2
7419,2024-08-19,289,1,49,5
7420,2024-01-14,214,1,51,3
7421,2023-11-15,7,5,73,2
7422,2023-12-22,260,4,29,4
7423,2023-11-30,237,5,91,3
7424,2023-07-20,100,5,86,3
7425,2023-06-24,114,5,94,3
7426,2023-01-13,90,3,51,1
7427,2024-08-12,299,4,74,3
7428,2023-05-06,296,1,89,3
7429,2024-05-24,245,4,3,5
7430,2023-05-03,76,1,67,2
7431,2023-12-17,44,2,99,3
7432,2024-05-13,140,3,72,1
7433,2023-08-08,81,2,10,4
7434,2023-08-15,1,3,26,2
7435,2023-12-13,131,1,66,3
7436,2023-12-01,54,5,82,5
7437,2023-11-11,273,2,35,3
7438,2024-08-13,28,3,54,5
7439,2024-07-07,279,4,66,5
7440,2023-02-13,190,1,35,5
7441,2023-10-19,175,3,67,2
7442,2023-07-07,182,2,29,3
7443,2023-09-30,92,2,20,5
7444,2024-02-28,120,5,57,4
7445,2024-02-14,101,4,63,3
7446,2023-10-16,31,3,71,5
7447,2024-05-05,224,3,10,5
7448,2024-06-19,155,4,46,3
7449,2023-08-05,14,5,42,2
7450,2023-08-18,283,2,83,4
7451,2023-01-12,251,5,64,1
7452,2023-06-07,16,5,29,1
7453,2023-09-01,144,1,18,3
7454,2023-01-27,16,1,82,3
7455,2024-05-20,236,1,88,4
7456,2024-06-19,292,1,21,2
7457,2024-02-04,285,4,35,1
7458,2023-10-12,191,1,67,2
7459,2023-04-14,122,2,7,3
7460,2023-11-14,14,5,72,2
7461,2024-08-05,85,3,29,2
7462,2024-06-23,157,2,15,1
7463,2023-06-11,26,5,75,1
7464,2023-06-14,10,1,85,1
7465,2023-09-19,279,1,44,1
7466,2024-03-03,258,4,11,2
7467,2023-09-08,274,1,29,4
7468,2024-06-18,26,5,97,5
7469,2023-08-28,135,5,38,1
7470,2023-11-20,254,1,64,4
7471,2024-01-16,9,2,83,4
7472,2023-03-29,211,1,43,1
7473,2023-11-27,24,5,19,1
7474,2023-04-08,153,2,57,2
7475,2023-11-01,204,3,57,4
7476,2023-06-24,124,2,25,2
7477,2024-01-01,207,4,89,4
7478,2024-07-18,97,1,52,4
7479,2024-07-26,202,2,76,4
7480,2023-02-16,44,4,93,5
7481,2023-12-10,291,5,54,5
7482,2024-07-10,11,1,12,3
7483,2023-04-22,294,4,5,1
7484,2024-02-18,194,2,52,4
7485,2023-01-20,117,5,63,2
7486,2023-03-26,141,5,73,1
7487,2023-06-04,17,5,48,5
7488,2023-10-26,81,2,52,1
7489,2024-06-03,100,4,47,1
7490,2024-02-06,174,1,14,1
7491,2023-11-10,206,3,62,5
7492,2024-04-23,8,1,98,5
7493,2023-02-07,285,1,77,5
7494,2023-05-18,65,3,41,4
7495,2023-06-26,20,1,88,3
7496,2024-04-20,234,1,22,4
7497,2023-08-20,25,2,66,3
7498,2023-04-13,55,2,24,4
7499,2023-08-01,169,3,14,2
7500,2024-06-01,89,3,73,4
7501,2023-10-25,118,5,66,5
7502,2023-12-28,260,1,35,4
7503,2023-05-07,25,3,28,4
7504,2023-03-08,126,1,36,3
7505,2023-02-13,269,2,42,1
7506,2023-04-20,158,3,85,3
7507,2023-08-04,111,3,14,3
7508,2023-04-23,26,4,1,2
7509,2023-12-30,226,2,8,2
7510,2023-01-25,210,4,8,3
7511,2024-04-16,216,2,49,4
7512,2023-07-28,139,5,63,3
7513,2023-05-15,3,1,92,1
7514,2024-08-18,176,2,30,5
7515,2023-10-02,207,4,79,1
7516,2023-06-17,195,2,71,2
7517,2024-06-02,158,4,74,5
7518,2023-09-20,126,5,70,5
7519,2023-09-05,297,1,72,2
7520,2023-11-05,41,5,32,5
7521,2024-02-02,75,5,14,3
7522,2023-06-13,212,3,82,5
7523,2023-08-19,182,1,74,2
7524,2024-07-01,61,4,22,5
7525,2024-02-09,105,3,13,4
7526,2024-04-19,35,4,72,2
7527,2023-06-23,53,5,83,2
7528,2024-07-20,6,1,83,2
7529,2023-04-28,177,4,3,5
7530,2024-03-14,232,4,49,5
7531,2024-06-05,161,3,95,3
7532,2024-06-24,98,3,38,3
7533,2023-12-07,231,4,48,2
7534,2023-12-08,183,2,29,3
7535,2024-04-26,76,4,71,3
7536,2023-12-07,262,2,8,2
7537,2023-05-03,219,4,94,3
7538,2024-01-05,103,4,78,1
7539,2023-05-06,70,2,100,5
7540,2023-09-08,86,3,37,4
7541,2024-02-12,174,3,95,2
7542,2024-02-14,198,5,12,2
7543,2024-05-23,190,5,84,5
7544,2023-10-06,86,5,69,2
7545,2023-12-21,238,5,84,4
7546,2024-04-12,93,4,89,2
7547,2024-03-15,160,4,95,1
7548,2023-08-27,171,5,91,2
7549,2023-08-30,130,3,95,1
7550,2023-04-10,83,2,90,2
7551,2023-05-13,100,3,31,2
7552,2023-09-11,98,2,61,5
7553,2024-03-08,126,2,45,2
7554,2024-06-01,43,3,87,5
7555,2024-03-28,246,3,100,3
7556,2024-03-11,195,4,29,5
7557,2023-05-02,207,1,85,2
7558,2023-01-14,151,4,24,1
7559,2023-08-08,281,2,67,3
7560,2024-07-26,41,4,6,3
7561,2023-09-04,195,1,51,1
7562,2024-03-08,14,5,22,1
7563,2024-02-10,281,2,69,1
7564,2023-08-08,77,1,4,3
7565,2024-03-08,231,4,79,2
7566,2023-09-16,192,5,16,2
7567,2023-04-10,41,3,5,4
7568,2023-05-26,84,5,98,2
7569,2024-05-11,244,4,19,3
7570,2024-01-28,122,1,4,1
7571,2023-05-20,175,3,96,4
7572,2024-02-04,110,3,80,2
7573,2023-11-08,202,4,65,2
7574,2024-03-14,166,3,92,5
7575,2023-09-25,3,5,6,4
7576,2024-06-19,138,4,43,1
7577,2023-06-27,287,1,95,5
7578,2023-03-21,242,4,84,4
7579,2023-11-10,262,1,11,1
7580,2023-08-08,125,5,97,2
7581,2023-06-28,35,3,51,1
7582,2024-03-24,66,5,33,5
7583,2024-05-24,81,2,73,5
7584,2023-04-24,259,5,37,4
7585,2023-12-23,192,4,13,2
7586,2023-02-28,78,2,48,1
7587,2024-05-04,22,4,47,2
7588,2024-08-03,109,2,50,2
7589,2023-01-02,264,2,17,2
7590,2023-07-24,88,3,55,4
7591,2024-06-21,43,2,8,2
7592,2023-04-25,220,5,4,2
7593,2024-06-17,167,2,75,1
7594,2024-02-16,70,1,70,5
7595,2024-07-21,106,2,40,2
7596,2023-12-27,278,3,67,2
7597,2024-03-14,11,5,75,3
7598,2023-09-17,221,4,90,3
7599,2023-12-10,198,4,30,5
7600,2024-06-29,257,1,60,1
7601,2023-03-16,231,1,7,2
7602,2023-05-06,165,4,23,3
7603,2024-01-10,159,2,13,3
7604,2023-03-21,188,5,58,4
7605,2024-03-16,47,4,94,4
7606,2023-07-16,212,2,70,2
7607,2024-08-08,95,2,24,3
7608,2024-03-23,157,2,2,3
7609,2024-01-31,111,3,59,4
7610,2023-09-08,250,1,24,1
7611,2023-01-26,240,5,47,3
7612,2024-03-10,120,5,2,5
7613,2023-05-01,88,4,29,1
7614,2023-12-08,244,4,98,3
7615,2023-05-05,287,1,29,4
7616,2023-05-17,101,5,21,1
7617,2023-08-30,59,2,95,4
7618,2024-02-08,125,3,60,2
7619,2023-06-24,89,2,49,2
7620,2024-01-28,228,1,63,1
7621,2023-04-27,98,5,43,4
7622,2023-04-15,81,4,13,5
7623,2023-10-29,186,4,49,5
7624,2024-02-22,144,2,41,2
7625,2023-03-01,258,3,11,1
7626,2023-06-03,119,1,74,5
7627,2024-07-05,252,4,10,3
7628,2024-08-05,147,2,76,5
7629,2023-11-05,87,2,21,2
7630,2023-01-10,159,1,40,5
7631,2023-01-29,103,1,48,4
7632,2023-06-11,208,5,34,3
7633,2024-06-25,274,1,31,4
7634,2024-02-13,270,1,23,3
7635,2024-04-17,157,1,53,2
7636,2024-07-01,115,1,22,3
7637,2023-06-05,217,4,32,2
7638,2024-01-23,75,1,56,3
7639,2024-02-25,154,1,13,3
7640,2023-11-21,200,3,6,2
7641,2023-07-12,12,2,97,3
7642,2024-03-15,215,2,82,5
7643,2023-05-08,74,1,92,3
7644,2024-08-22,285,1,59,1
7645,2024-05-06,192,3,50,4
7646,2023-08-05,218,1,20,4
7647,2024-01-02,114,3,93,3
7648,2023-03-24,107,2,97,1
7649,2023-06-22,122,1,49,5
7650,2024-02-15,75,2,30,4
7651,2024-06-29,54,3,98,1
7652,2023-06-22,298,3,49,2
7653,2023-09-03,233,2,47,2
7654,2024-05-30,192,2,25,2
7655,2024-07-04,140,4,12,2
7656,2023-01-15,272,5,75,1
7657,2024-01-26,197,2,59,2
7658,2023-10-14,294,2,86,5
7659,2023-07-07,21,2,18,1
7660,2023-11-26,188,3,83,2
7661,2023-08-11,234,4,96,4
7662,2024-01-02,84,4,20,2
7663,2024-02-18,181,5,63,3
7664,2023-04-16,162,1,68,4
7665,2023-10-16,188,2,20,1
7666,2024-03-21,130,5,59,1
7667,2023-06-05,42,1,35,3
7668,2024-03-18,57,1,1,4
7669,2024-05-30,4,5,2,3
7670,2023-12-29,211,3,8,5
7671,2024-05-17,148,4,28,2
7672,2024-05-05,231,2,61,3
7673,2024-03-18,179,3,63,5
7674,2023-02-18,186,2,92,3
7675,2023-11-23,263,4,33,3
7676,2023-03-04,97,5,74,1
7677,2023-01-15,71,5,67,4
7678,2024-08-23,73,4,6,5
7679,2023-07-28,1,3,64,1
7680,2023-10-14,31,2,60,3
7681,2024-07-09,277,1,14,1
7682,2023-11-05,133,1,27,5
7683,2023-05-19,203,2,52,1
7684,2023-08-29,102,5,70,5
7685,2024-04-14,122,5,50,3
7686,2024-07-03,4,2,78,4
7687,2023-04-16,265,2,94,1
7688,2023-08-09,189,3,44,5
7689,2024-03-04,197,2,79,2
7690,2024-05-09,96,1,89,2
7691,2024-07-09,96,3,55,4
7692,2024-02-11,259,5,69,2
7693,2023-06-15,70,1,36,5
7694,2024-03-13,29,3,62,3
7695,2023-07-22,235,5,78,3
7696,2024-04-14,145,3,37,5
7697,2024-08-02,30,2,99,3
7698,2023-07-21,300,1,46,3
7699,2024-07-19,137,4,86,1
7700,2023-08-16,198,3,15,2
7701,2024-07-23,150,5,19,4
7702,2024-05-25,72,1,87,2
7703,2023-03-20,214,5,35,3
7704,2024-04-25,251,1,44,4
7705,2023-12-08,163,5,4,2
7706,2023-10-05,59,4,29,1
7707,2024-05-09,289,4,51,2
7708,2023-12-15,149,5,62,5
7709,2024-06-21,131,4,100,1
7710,2024-02-03,159,3,63,1
7711,2023-05-09,104,5,54,3
7712,2023-04-30,273,1,67,2
7713,2023-03-30,201,5,34,3
7714,2023-03-06,27,1,17,4
7715,2023-06-27,230,1,6,5
7716,2023-03-29,217,4,12,4
7717,2023-05-02,132,1,56,2
7718,2023-01-11,204,1,85,5
7719,2023-12-13,78,4,78,1
7720,2023-03-12,57,1,39,2
7721,2023-04-29,298,4,50,4
7722,2023-05-14,235,3,65,3
7723,2023-04-27,70,2,22,2
7724,2023-02-11,3,5,54,2
7725,2023-05-01,24,3,77,4
7726,2023-04-09,201,5,58,2
7727,2024-04-03,217,1,65,5
7728,2024-01-25,270,2,65,5
7729,2023-04-04,223,5,85,1
7730,2024-03-16,276,1,40,3
7731,2023-10-09,266,1,44,3
7732,2023-01-08,181,1,82,5
7733,2023-04-22,253,5,16,5
7734,2023-08-04,255,3,33,5
7735,2023-01-20,31,5,98,2
7736,2023-05-31,104,2,94,4
7737,2023-11-21,59,2,60,3
7738,2023-06-25,252,3,66,5
7739,2024-08-03,295,3,31,2
7740,2023-05-25,271,1,55,2
7741,2023-01-04,286,4,29,5
7742,2023-04-29,139,3,99,1
7743,2024-02-29,279,3,29,3
7744,2023-12-25,176,4,86,3
7745,2023-09-02,190,5,46,5
7746,2024-01-04,293,5,56,2
7747,2023-05-25,152,3,76,3
7748,2023-12-28,219,5,55,4
7749,2024-06-25,39,2,78,2
7750,2023-10-14,204,1,26,2
7751,2024-05-14,179,5,72,3
7752,2023-09-01,137,5,74,2
7753,2024-05-18,31,5,25,5
7754,2023-07-06,67,2,30,2
7755,2024-06-16,213,4,99,3
7756,2023-01-06,201,2,61,1
7757,2023-05-01,17,5,68,5
7758,2023-07-30,147,2,73,1
7759,2024-07-28,165,3,13,3
7760,2024-01-13,234,4,93,3
7761,2023-01-23,78,4,53,1
7762,2023-11-07,113,2,95,2
7763,2023-01-01,185,2,29,5
7764,2024-03-18,23,2,21,1
7765,2023-08-23,18,4,27,5
7766,2023-10-06,150,2,74,5
7767,2024-02-14,78,4,13,4
7768,2024-06-18,101,2,97,2
7769,2024-06-14,38,2,88,5
7770,2023-03-24,216,4,19,2
7771,2023-10-11,258,4,84,5
7772,2023-02-28,216,4,21,5
7773,2024-08-20,35,3,3,1
7774,2023-04-21,284,5,3,5
7775,2023-09-25,292,4,62,5
7776,2023-11-27,256,4,10,1
7777,2023-04-04,8,1,62,2
7778,2024-03-07,212,5,23,1
7779,2023-05-23,256,1,79,4
7780,2023-09-22,148,3,51,5
7781,2023-03-05,27,1,29,3
7782,2024-03-19,86,4,64,3
7783,2023-12-12,22,3,34,1
7784,2023-03-11,261,1,13,1
7785,2024-08-23,293,4,98,4
7786,2024-03-08,145,2,28,1
7787,2023-02-24,105,5,87,3
7788,2024-08-04,142,4,76,3
7789,2023-08-08,296,1,20,1
7790,2023-09-04,68,3,26,5
7791,2023-07-02,134,5,99,5
7792,2024-02-18,95,2,40,4
7793,2023-05-08,268,3,9,4
7794,2024-05-29,23,3,6,3
7795,2023-11-16,74,4,20,3
7796,2023-12-08,69,5,79,2
7797,2023-12-27,95,2,32,3
7798,2023-08-18,162,3,90,5
7799,2023-05-01,275,5,60,4
7800,2023-02-10,160,4,3,4
7801,2023-09-21,270,3,76,1
7802,2023-10-23,38,2,61,2
7803,2023-08-28,241,3,90,2
7804,2023-03-02,173,2,25,2
7805,2024-04-12,47,1,38,3
7806,2024-03-15,133,3,47,5
7807,2024-07-17,53,3,54,2
7808,2024-06-28,94,2,9,4
7809,2024-07-02,192,3,68,5
7810,2023-02-19,16,1,77,2
7811,2023-07-25,50,2,28,5
7812,2024-01-21,185,2,61,3
7813,2023-03-21,41,3,58,3
7814,2024-04-23,201,2,67,2
7815,2024-02-01,69,4,23,5
7816,2023-11-24,227,5,8,4
7817,2024-07-31,42,2,29,2
7818,2023-12-09,3,1,75,3
7819,2023-10-25,211,2,68,2
7820,2024-06-25,243,1,2,1
7821,2024-05-18,249,2,40,1
7822,2023-07-15,23,2,66,3
7823,2024-05-01,172,3,75,4
7824,2023-01-24,185,1,81,5
7825,2024-03-19,11,4,48,1
7826,2023-10-14,183,3,60,1
7827,2023-04-05,195,2,12,4
7828,2023-04-13,226,3,26,1
7829,2023-11-09,218,5,59,5
7830,2024-02-05,295,2,91,1
7831,2023-12-14,89,2,7,2
7832,2024-08-03,10,1,40,2
7833,2023-09-08,155,4,39,5
7834,2023-03-14,146,2,60,5
7835,2024-08-06,64,3,12,4
7836,2023-04-28,30,2,37,5
7837,2023-09-22,7,2,83,3
7838,2023-03-06,287,4,39,4
7839,2024-05-01,172,3,37,2
7840,2023-09-12,218,4,74,5
7841,2023-02-12,156,3,100,4
7842,2023-03-21,56,3,77,3
7843,2023-04-17,238,1,72,1
7844,2023-07-08,147,4,37,5
7845,2023-01-26,21,5,50,2
7846,2024-07-23,160,4,92,5
7847,2023-03-16,126,3,98,5
7848,2023-11-30,231,3,61,4
7849,2024-01-20,196,3,22,4
7850,2023-05-07,255,1,61,2
7851,2023-04-08,37,5,63,1
7852,2023-10-15,271,1,21,4
7853,2024-01-10,116,5,55,4
7854,2024-06-14,135,5,61,3
7855,2023-11-29,51,5,44,2
7856,2024-03-13,179,5,99,5
7857,2023-04-27,25,4,86,5
7858,2024-01-12,207,1,35,2
7859,2024-03-16,157,4,91,3
7860,2024-03-09,130,1,5,2
7861,2023-05-22,209,3,73,4
7862,2024-06-26,296,1,98,5
7863,2023-06-19,189,3,72,2
7864,2023-01-24,5,2,71,2
7865,2024-06-25,102,5,32,1
7866,2023-10-04,252,1,59,3
7867,2023-06-04,168,1,79,2
7868,2023-03-10,156,1,42,5
7869,2023-09-04,199,1,74,5
7870,2023-06-01,170,5,59,3
7871,2024-07-20,243,3,34,3
7872,2023-05-07,138,5,99,2
7873,2023-09-05,197,3,48,5
7874,2023-02-26,48,2,87,3
7875,2023-01-28,288,1,40,2
7876,2024-02-14,300,4,11,4
7877,2023-12-28,29,5,68,4
7878,2023-03-24,222,4,65,4
7879,2023-04-30,105,3,78,5
7880,2023-09-02,28,4,66,2
7881,2024-03-26,78,1,89,3
7882,2023-02-19,67,3,31,1
7883,2023-03-08,111,4,100,5
7884,2024-08-15,165,5,62,1
7885,2023-01-19,213,2,24,3
7886,2023-05-29,195,1,90,5
7887,2023-08-28,151,4,36,4
7888,2024-04-21,149,4,77,2
7889,2023-10-07,228,3,100,5
7890,2023-12-03,152,2,57,2
7891,2023-10-11,224,4,45,1
7892,2023-10-05,156,2,24,4
7893,2024-05-03,151,4,1,3
7894,2024-05-13,259,2,71,1
7895,2023-05-13,165,1,45,1
7896,2024-02-09,209,1,78,4
7897,2023-12-02,201,4,90,1
7898,2023-11-05,131,5,59,4
7899,2023-11-28,95,3,49,4
7900,2024-06-25,255,2,28,3
7901,2024-03-03,171,5,99,2
7902,2023-04-08,259,1,84,1
7903,2023-05-03,198,5,74,5
7904,2023-03-03,87,5,5,5
7905,2023-03-17,19,5,63,3
7906,2023-10-02,281,3,51,3
7907,2023-03-16,171,2,86,3
7908,2023-10-23,92,4,66,4
7909,2023-06-09,243,1,89,3
7910,2024-05-27,91,4,47,4
7911,2023-01-29,197,1,22,5
7912,2023-02-11,186,3,93,1
7913,2023-01-08,217,2,87,4
7914,2023-01-13,75,4,4,4
7915,2024-01-25,82,4,7,2
7916,2023-01-02,187,4,5,1
7917,2023-08-20,259,4,51,1
7918,2023-06-23,165,2,40,2
7919,2023-01-12,94,5,60,5
7920,2023-06-24,280,1,73,3
7921,2023-01-24,41,5,80,5
7922,2024-03-05,15,2,24,3
7923,2023-10-15,5,2,36,2
7924,2023-03-25,31,5,54,2
7925,2023-01-17,185,1,100,3
7926,2023-07-05,126,1,29,4
7927,2023-03-28,34,3,70,1
7928,2023-03-19,225,5,80,2
7929,2023-01-20,207,5,100,2
7930,2024-07-09,24,4,8,2
7931,2024-06-19,98,2,57,5
7932,2024-05-29,46,4,58,4
7933,2023-11-12,247,4,93,2
7934,2023-11-17,273,1,81,2
7935,2024-05-10,124,3,85,2
7936,2023-11-03,176,3,15,3
7937,2024-04-13,13,1,94,2
7938,2024-02-07,277,4,30,4
7939,2024-06-03,73,3,76,1
7940,2023-01-09,204,2,22,1
7941,2023-07-09,276,4,36,5
7942,2023-09-23,224,4,35,2
7943,2024-04-03,266,4,34,2
7944,2024-02-05,134,2,58,5
7945,2023-11-04,294,1,48,3
7946,2023-06-22,155,5,9,2
7947,2023-03-15,21,1,3,1
7948,2023-10-05,156,2,92,2
7949,2024-08-17,245,2,88,3
7950,2023-02-08,107,5,85,3
7951,2024-06-25,236,4,92,5
7952,2024-01-03,17,1,29,5
7953,2024-07-26,84,5,14,2
7954,2023-03-22,33,5,77,4
7955,2024-04-20,153,1,50,5
7956,2023-12-13,298,4,76,2
7957,2023-04-29,90,4,87,2
7958,2023-01-11,72,2,7,3
7959,2023-12-16,26,3,80,1
7960,2024-03-12,190,4,7,1
7961,2023-09-07,233,5,48,3
7962,2024-02-04,237,4,51,4
7963,2024-02-15,212,4,22,2
7964,2024-01-18,105,1,90,4
7965,2024-01-18,34,1,44,2
7966,2023-08-27,123,5,60,5
7967,2023-05-21,19,4,75,1
7968,2024-01-15,10,5,5,5
7969,2024-02-24,292,5,59,1
7970,2023-07-05,295,2,86,2
7971,2023-05-02,105,2,9,3
7972,2023-10-13,65,5,77,2
7973,2023-11-17,246,5,93,3
7974,2024-04-02,280,5,23,1
7975,2024-07-11,152,5,13,4
7976,2023-11-08,19,3,10,4
7977,2024-01-11,44,2,33,3
7978,2023-10-15,220,4,41,1
7979,2023-06-24,298,2,87,1
7980,2023-04-16,68,3,31,3
7981,2023-11-09,8,4,22,3
7982,2024-07-11,161,3,50,1
7983,2023-03-02,4,2,89,3
7984,2024-08-19,148,3,64,2
7985,2024-01-18,190,4,13,1
7986,2024-04-17,196,3,91,3
7987,2023-02-21,267,4,6,4
7988,2023-01-04,61,2,1,2
7989,2024-03-02,144,1,52,1
7990,2024-01-14,211,2,9,3
7991,2024-02-11,28,4,48,4
7992,2024-07-10,250,1,49,4
7993,2024-06-16,223,5,80,1
7994,2024-08-12,25,3,12,4
7995,2024-07-02,136,4,79,2
7996,2023-10-23,281,5,70,2
7997,2024-06-15,205,1,43,4
7998,2023-01-13,77,5,78,4
7999,2023-10-04,121,1,76,4
8000,2023-07-20,235,5,97,1
